01-01	1863	tdih-01-01-01	Emancipation Proclamation Takes Effect	FREEDOM DAWNS: Lincoln's Emancipation Proclamation Frees Millions	On January 1, 1863, President Lincoln's Emancipation Proclamation took effect, declaring all enslaved persons in Confederate states to be free.	Civil War	Emancipation Proclamation
01-02	1492	tdih-01-02-01	Fall of Granada Ends Reconquista	RECONQUISTA COMPLETE: Last Moorish Kingdom Falls After 780 Years	On January 2, 1492, the Moorish kingdom of Granada surrendered, completing the 780-year Christian reconquest of the Iberian Peninsula.	Renaissance	Fall of Granada
01-03	1521	tdih-01-03-01	Martin Luther Excommunicated	CAST OUT: Pope Leo X Excommunicates Martin Luther from Catholic Church	On January 3, 1521, Pope Leo X issued the papal bull Decet Romanum Pontificem, excommunicating Martin Luther and launching the Protestant Reformation.	Renaissance	Decet Romanum Pontificem
01-04	1884	tdih-01-04-01	Fabian Society Founded	GRADUAL REVOLUTION: London Intellectuals Found the Fabian Society	On January 4, 1884, the Fabian Society was founded in London, advocating gradual democratic socialism and influencing the creation of the Labour Party.	Victorian Era	Fabian Society
01-05	1919	tdih-01-05-01	German Workers Party Founded	SEEDS OF EVIL: Small Political Party Founded That Hitler Will Transform Into the Nazi Party	On January 5, 1919, the German Workers Party was founded in Munich; Adolf Hitler would later join and transform it into the Nazi Party.	World War I Era	German Workers Party
01-06	1412	tdih-01-06-01	Birth of Joan of Arc	THE MAID IS BORN: Joan of Arc Born in Domremy, France	On January 6, 1412, Joan of Arc was born in Domremy, France; she would lead French armies to victory before being burned at the stake at age 19.	Medieval	Joan of Arc
01-07	1610	tdih-01-07-01	Galileo Discovers Jupiter's Moons	WORLDS REVEALED: Galileo Spots Four Moons Orbiting Jupiter Through His Telescope	On January 7, 1610, Galileo Galilei observed three of Jupiter's four largest moons through his telescope, providing evidence for the Copernican model.	Renaissance	Galilean moons
01-08	1790	tdih-01-08-01	First State of the Union Address	MR. PRESIDENT SPEAKS: Washington Delivers First Annual Message to Congress	On January 8, 1790, George Washington delivered the first State of the Union address to a joint session of Congress in New York City.	18th Century	State of the Union
01-09	1799	tdih-01-09-01	Income Tax Introduced in Britain	PAYING THE PRICE: Pitt Introduces Britain's First Income Tax to Fund Napoleonic Wars	On January 9, 1799, British Prime Minister William Pitt the Younger introduced the first income tax to raise funds for the war against Napoleon.	18th Century	Income tax in the United Kingdom
01-10	49	tdih-01-10-01	Caesar Crosses the Rubicon	THE DIE IS CAST: Julius Caesar Crosses the Rubicon River, Starting Civil War	On January 10, 49 BC, Julius Caesar led his army across the Rubicon River into Italy, defying the Roman Senate and igniting a civil war.	Ancient World	Crossing the Rubicon
01-11	1922	tdih-01-11-01	First Insulin Treatment	DIABETES CONQUERED: 14-Year-Old Leonard Thompson Receives First Insulin Injection	On January 11, 1922, Leonard Thompson, a 14-year-old diabetic, became the first person to receive an insulin injection, transforming a death sentence into a manageable condition.	Early 20th Century	Insulin
01-12	1932	tdih-01-12-01	Hattie Caraway Elected to US Senate	BREAKING THE BARRIER: First Woman Elected to the United States Senate	On January 12, 1932, Hattie Caraway of Arkansas became the first woman elected to the United States Senate.	Great Depression	Hattie Caraway
01-13	1898	tdih-01-13-01	Emile Zola Publishes J'accuse	I ACCUSE: Zola's Open Letter Exposes French Military's Anti-Semitic Cover-Up	On January 13, 1898, Emile Zola published his famous open letter J'accuse in defense of Alfred Dreyfus, exposing a massive French military conspiracy.	Victorian Era	J'accuse…!
01-14	1761	tdih-01-14-01	Third Battle of Panipat	EMPIRE SHATTERED: Marathas Suffer Devastating Defeat at Panipat	On January 14, 1761, the Maratha Empire suffered a catastrophic defeat at the Third Battle of Panipat, reshaping the political landscape of India.	18th Century	Third Battle of Panipat
01-15	1559	tdih-01-15-01	Coronation of Elizabeth I	GLORIANA CROWNED: Elizabeth I Crowned Queen of England at Westminster Abbey	On January 15, 1559, Elizabeth I was crowned Queen of England, beginning a 45-year reign that would define an era and establish England as a world power.	16th Century	Elizabeth I
01-16	27	tdih-01-16-01	Octavian Becomes Augustus	EMPEROR RISES: Roman Senate Grants Octavian the Title Augustus	On January 16, 27 BC, the Roman Senate granted Octavian the title Augustus, marking the beginning of the Roman Empire and the end of the Republic.	Ancient World	Augustus
01-17	1893	tdih-01-17-01	Overthrow of Hawaiian Kingdom	PARADISE SEIZED: American Businessmen Overthrow Queen Liliuokalani	On January 17, 1893, a group of American businessmen and sugar planters overthrew Queen Liliuokalani, ending the Hawaiian monarchy.	Victorian Era	Overthrow of the Hawaiian Kingdom
01-18	1778	tdih-01-18-01	Captain Cook Discovers Hawaii	PACIFIC PARADISE: Captain Cook Becomes First European to Reach Hawaiian Islands	On January 18, 1778, Captain James Cook became the first European to reach the Hawaiian Islands, which he named the Sandwich Islands.	18th Century	James Cook
01-19	1809	tdih-01-19-01	Birth of Edgar Allan Poe	MASTER OF DARKNESS BORN: Edgar Allan Poe Born in Boston	On January 19, 1809, Edgar Allan Poe was born in Boston, destined to become the father of detective fiction and master of Gothic horror.	19th Century	Edgar Allan Poe
01-20	1961	tdih-01-20-01	JFK Inaugurated as President	ASK NOT: John F. Kennedy Sworn In as 35th President, Delivers Iconic Inaugural Address	On January 20, 1961, John F. Kennedy was inaugurated as the 35th president, delivering his famous challenge: ask not what your country can do for you.	1960s America	Inauguration of John F. Kennedy
01-21	1793	tdih-01-21-01	Execution of Louis XVI	HEAD OF STATE: King Louis XVI Executed by Guillotine in Paris	On January 21, 1793, King Louis XVI was executed by guillotine in Paris, marking a point of no return for the French Revolution.	18th Century	Execution of Louis XVI
01-22	1901	tdih-01-22-01	Death of Queen Victoria	END OF AN ERA: Queen Victoria Dies After 63 Years on the Throne	On January 22, 1901, Queen Victoria died at age 81, ending the longest reign in British history and closing the Victorian era.	Turn of the Century	Death of Queen Victoria
01-23	1849	tdih-01-23-01	Elizabeth Blackwell Gets Medical Degree	DOCTOR IS A WOMAN: Elizabeth Blackwell Becomes First Woman to Earn Medical Degree in US	On January 23, 1849, Elizabeth Blackwell became the first woman to receive a medical degree in the United States, graduating from Geneva Medical College.	Victorian Era	Elizabeth Blackwell
01-24	1848	tdih-01-24-01	Gold Discovered at Sutter's Mill	GOLD: James Marshall Discovers Gold Nuggets at Sutter's Mill, Triggering the California Gold Rush	On January 24, 1848, James Marshall discovered gold at Sutter's Mill in California, triggering the Gold Rush that would bring 300,000 people west.	19th Century	California Gold Rush
01-25	1924	tdih-01-25-01	First Winter Olympics Open	COLD COMPETITION: First Winter Olympic Games Open in Chamonix, France	On January 25, 1924, the first Winter Olympic Games opened in Chamonix, France, with 258 athletes from 16 nations competing in 16 events.	Roaring Twenties	1924 Winter Olympics
01-26	1788	tdih-01-26-01	First Fleet Arrives at Sydney Cove	AUSTRALIA FOUNDED: British First Fleet Arrives at Sydney Cove	On January 26, 1788, Captain Arthur Phillip led the First Fleet into Sydney Cove, establishing the first European settlement in Australia.	18th Century	Australia Day
01-27	1945	tdih-01-27-01	Liberation of Auschwitz	GATES OF HELL OPENED: Soviet Troops Liberate Auschwitz Death Camp	On January 27, 1945, Soviet forces liberated the Auschwitz concentration camp, revealing the full horror of the Holocaust to the world.	World War II	Auschwitz concentration camp
01-28	1986	tdih-01-28-01	Space Shuttle Challenger Disaster	TRAGEDY IN THE SKY: Space Shuttle Challenger Explodes 73 Seconds After Launch	On January 28, 1986, the Space Shuttle Challenger broke apart 73 seconds after launch, killing all seven crew members as millions watched on television.	Space Age	Space Shuttle Challenger disaster
01-29	1886	tdih-01-29-01	Karl Benz Patents the Automobile	HORSELESS CARRIAGE: Benz Patents the First True Automobile Powered by Internal Combustion	On January 29, 1886, Karl Benz received a patent for the Benz Patent-Motorwagen, the first vehicle designed as an automobile from the ground up.	Industrial Age	Benz Patent-Motorwagen
01-30	1649	tdih-01-30-01	Execution of King Charles I	KING BEHEADED: Charles I Executed Outside Banqueting House in London	On January 30, 1649, King Charles I was beheaded at the Banqueting House in London after being convicted of treason, establishing that no ruler is above the law.	17th Century	Execution of Charles I
01-31	1606	tdih-01-31-01	Execution of Guy Fawkes	GUNPOWDER PLOTTER HANGED: Guy Fawkes Executed for Conspiracy to Blow Up Parliament	On January 31, 1606, Guy Fawkes was executed for his role in the Gunpowder Plot, the failed conspiracy to assassinate King James I.	17th Century	Guy Fawkes
02-01	1790	tdih-02-01-01	US Supreme Court Convenes for First Time	ORDER IN THE COURT: United States Supreme Court Holds Its First Session	On February 1, 1790, the United States Supreme Court convened for the first time at the Royal Exchange Building in New York City.	18th Century	Supreme Court of the United States
02-02	1848	tdih-02-02-01	Treaty of Guadalupe Hidalgo Signed	BORDER DRAWN: Mexico Cedes Half Its Territory to the United States	On February 2, 1848, the Treaty of Guadalupe Hidalgo ended the Mexican-American War, with Mexico ceding California, Nevada, Utah, and more to the US.	19th Century	Treaty of Guadalupe Hidalgo
02-03	1959	tdih-02-03-01	The Day the Music Died	MUSIC DIES: Buddy Holly, Ritchie Valens, and Big Bopper Killed in Plane Crash	On February 3, 1959, rock and roll pioneers Buddy Holly, Ritchie Valens, and The Big Bopper were killed in a plane crash near Clear Lake, Iowa.	Cold War	The Day the Music Died
02-04	1789	tdih-02-04-01	George Washington Elected President	UNANIMOUS: Electoral College Unanimously Elects George Washington as First President	On February 4, 1789, George Washington was unanimously elected as the first President of the United States by the Electoral College.	18th Century	George Washington
02-05	1917	tdih-02-05-01	Immigration Act of 1917 Passed	DOORS CLOSING: Congress Passes Immigration Act Creating Literacy Tests and Asian Barred Zone	On February 5, 1917, Congress passed the Immigration Act over President Wilson's veto, imposing literacy tests and banning immigration from most of Asia.	World War I Era	Immigration Act of 1917
02-06	1952	tdih-02-06-01	Elizabeth II Becomes Queen	LONG LIVE THE QUEEN: Princess Elizabeth Becomes Queen at Age 25 Upon Death of George VI	On February 6, 1952, Princess Elizabeth became Queen Elizabeth II upon the death of her father King George VI, beginning a reign that would last 70 years.	Post-World War II	Elizabeth II
02-07	1812	tdih-02-07-01	Charles Dickens Born	GREAT EXPECTATIONS: Charles Dickens Born in Portsmouth, England	On February 7, 1812, Charles Dickens was born in Portsmouth, destined to become the most celebrated novelist of the Victorian era.	19th Century	Charles Dickens
02-08	1587	tdih-02-08-01	Execution of Mary Queen of Scots	QUEEN BEHEADED: Mary Queen of Scots Executed at Fotheringhay Castle	On February 8, 1587, Mary Queen of Scots was executed at Fotheringhay Castle on orders of her cousin Elizabeth I, ending decades of political intrigue.	16th Century	Mary, Queen of Scots
02-09	1964	tdih-02-09-01	Beatles Appear on Ed Sullivan Show	YEAH YEAH YEAH: 73 Million Americans Watch the Beatles on Ed Sullivan	On February 9, 1964, the Beatles made their first live American television appearance on The Ed Sullivan Show, watched by an estimated 73 million viewers.	1960s America	The Beatles on The Ed Sullivan Show
02-10	1840	tdih-02-10-01	Queen Victoria Marries Prince Albert	ROYAL WEDDING: Queen Victoria Marries Prince Albert at Chapel Royal	On February 10, 1840, Queen Victoria married Prince Albert of Saxe-Coburg and Gotha, beginning a partnership that would define the Victorian era.	Victorian Era	Wedding of Queen Victoria and Prince Albert
02-11	1990	tdih-02-11-01	Nelson Mandela Released from Prison	FREE AT LAST: Mandela Walks Out of Prison After 27 Years	On February 11, 1990, Nelson Mandela was released from Victor Verster Prison after 27 years, setting South Africa on the path to ending apartheid.	Peace & Cooperation	Nelson Mandela
02-12	1809	tdih-02-12-01	Abraham Lincoln Born	A LOG CABIN BIRTH: Abraham Lincoln Born in Kentucky	On February 12, 1809, Abraham Lincoln was born in a one-room log cabin in Hardin County, Kentucky; he would become America's greatest president.	19th Century	Abraham Lincoln
02-13	1689	tdih-02-13-01	William and Mary Accept English Throne	GLORIOUS REVOLUTION COMPLETE: Parliament Offers Crown to William and Mary	On February 13, 1689, William III and Mary II were proclaimed joint sovereigns of England, completing the Glorious Revolution and establishing parliamentary supremacy.	17th Century	Glorious Revolution
02-14	1929	tdih-02-14-01	St. Valentine's Day Massacre	GANGLAND SLAUGHTER: Seven Men Gunned Down in Chicago Garage on Valentine's Day	On February 14, 1929, seven members of the Bugs Moran gang were lined up against a garage wall and shot dead, likely on orders of Al Capone.	Roaring Twenties	Saint Valentine's Day Massacre
02-15	1898	tdih-02-15-01	USS Maine Explodes in Havana Harbor	REMEMBER THE MAINE: Battleship Explodes in Havana Harbor, Killing 260 Sailors	On February 15, 1898, the USS Maine exploded in Havana Harbor, killing 260 crew members and propelling the United States into war with Spain.	Turn of the Century	USS Maine (ACR-1)
02-16	1923	tdih-02-16-01	Howard Carter Opens Tutankhamun's Burial Chamber	WONDERFUL THINGS: Carter Opens the Sealed Burial Chamber of Tutankhamun	On February 16, 1923, Howard Carter opened the sealed doorway to King Tutankhamun's burial chamber, revealing treasures untouched for 3,000 years.	Roaring Twenties	Tomb of Tutankhamun
02-17	1600	tdih-02-17-01	Giordano Bruno Burned at the Stake	HERETIC BURNED: Philosopher Giordano Bruno Executed for Claiming Infinite Worlds Exist	On February 17, 1600, philosopher Giordano Bruno was burned at the stake in Rome for heresy, including his belief in an infinite universe with many worlds.	Renaissance	Giordano Bruno
02-18	1930	tdih-02-18-01	Discovery of Pluto	NINTH PLANET FOUND: Clyde Tombaugh Discovers Pluto at Lowell Observatory	On February 18, 1930, Clyde Tombaugh discovered Pluto at the Lowell Observatory in Arizona, adding what was then the ninth planet to the solar system.	Great Depression	Pluto
02-19	1942	tdih-02-19-01	Japanese Internment Order Signed	IMPRISONED WITHOUT CHARGE: FDR Signs Executive Order 9066 Interning Japanese Americans	On February 19, 1942, President Roosevelt signed Executive Order 9066, authorizing the forced relocation of 120,000 Japanese Americans to internment camps.	World War II	Executive Order 9066
02-20	1962	tdih-02-20-01	John Glenn Orbits Earth	AMERICAN IN ORBIT: John Glenn Becomes First American to Circle the Earth	On February 20, 1962, astronaut John Glenn orbited Earth three times aboard Friendship 7, making him the first American to orbit the planet.	Space Age	Mercury-Atlas 6
02-21	1848	tdih-02-21-01	Communist Manifesto Published	WORKERS UNITE: Marx and Engels Publish the Communist Manifesto	On February 21, 1848, Karl Marx and Friedrich Engels published The Communist Manifesto, one of the most influential political documents in history.	Victorian Era	The Communist Manifesto
02-22	1732	tdih-02-22-01	George Washington Born	FATHER OF HIS COUNTRY BORN: George Washington Born in Virginia	On February 22, 1732, George Washington was born in Westmoreland County, Virginia; he would lead the Continental Army and become the first president.	18th Century	George Washington
02-23	1455	tdih-02-23-01	Gutenberg Bible Published	PRINTED WORD: First Substantial Book Printed with Movable Type	Around February 23, 1455, Johannes Gutenberg completed printing the Gutenberg Bible, the first major book produced using movable type printing.	Renaissance	Gutenberg Bible
02-24	1920	tdih-02-24-01	Nazi Party Founded	DARK BEGINNING: German Workers Party Refounded as the National Socialist German Workers Party	On February 24, 1920, the German Workers Party was renamed the National Socialist German Workers Party (Nazi Party) and adopted its 25-point program.	Early 20th Century	Nazi Party
02-25	1836	tdih-02-25-01	Samuel Colt Patents the Revolver	SIX-SHOOTER: Colt Receives Patent for Revolving Firearm That Changed the West	On February 25, 1836, Samuel Colt received a US patent for his revolving firearm, the weapon that would become synonymous with the American frontier.	19th Century	Colt Paterson
02-26	1935	tdih-02-26-01	Radar Demonstrated in Britain	INVISIBLE SHIELD: Watson-Watt Demonstrates Radar Detection of Aircraft	On February 26, 1935, Robert Watson-Watt demonstrated radar's ability to detect aircraft, a technology that would prove decisive in the Battle of Britain.	Great Depression	Radar
02-27	1933	tdih-02-27-01	Reichstag Fire	PARLIAMENT ABLAZE: German Reichstag Burns as Nazis Seize Opportunity to Crush Opposition	On February 27, 1933, the German Reichstag was set on fire, giving Hitler the pretext to suspend civil liberties and consolidate dictatorial power.	Great Depression	Reichstag fire
02-28	1953	tdih-02-28-01	Watson and Crick Discover DNA Structure	SECRET OF LIFE: Scientists Determine the Double Helix Structure of DNA	On February 28, 1953, James Watson and Francis Crick determined the double-helix structure of DNA, unlocking the molecular basis of heredity.	Science & Discovery	Molecular structure of nucleic acids
02-29	1940	tdih-02-29-01	Hattie McDaniel Wins Oscar	BREAKING BARRIERS: Hattie McDaniel Becomes First African American to Win an Academy Award	On February 29, 1940, Hattie McDaniel won the Academy Award for Best Supporting Actress for Gone with the Wind, the first African American to win an Oscar.	Great Depression	Hattie McDaniel
03-01	1872	tdih-03-01-01	Yellowstone Established as First National Park	NATURE PRESERVED: President Grant Signs Bill Creating Yellowstone National Park	On March 1, 1872, President Ulysses S. Grant signed legislation establishing Yellowstone as the world's first national park.	Victorian Era	Yellowstone National Park
03-02	1836	tdih-03-02-01	Texas Declares Independence	LONE STAR RISING: Texas Declares Independence from Mexico at Washington-on-the-Brazos	On March 2, 1836, 59 delegates at Washington-on-the-Brazos signed the Texas Declaration of Independence, creating the Republic of Texas.	19th Century	Texas Declaration of Independence
03-03	1918	tdih-03-03-01	Treaty of Brest-Litovsk Signed	RUSSIA EXITS THE WAR: Bolsheviks Sign Humiliating Peace Treaty with Central Powers	On March 3, 1918, Soviet Russia signed the Treaty of Brest-Litovsk with Germany, ending Russian participation in World War I.	World War I Era	Treaty of Brest-Litovsk
03-04	1789	tdih-03-04-01	US Constitution Takes Effect	WE THE PEOPLE: United States Constitution Officially Takes Effect	On March 4, 1789, the United States Constitution officially took effect, replacing the Articles of Confederation and creating the federal government.	18th Century	United States Constitution
03-05	1946	tdih-03-05-01	Churchill Delivers Iron Curtain Speech	IRON CURTAIN: Churchill Warns That Soviet Union Has Divided Europe	On March 5, 1946, Winston Churchill delivered his Iron Curtain speech in Fulton, Missouri, warning that Soviet expansionism threatened Western freedom.	Cold War	Iron Curtain
03-06	1836	tdih-03-06-01	Fall of the Alamo	REMEMBER THE ALAMO: Mexican Army Overwhelms 200 Defenders After 13-Day Siege	On March 6, 1836, Mexican forces under General Santa Anna stormed the Alamo mission in San Antonio, killing all of the approximately 200 Texan defenders.	19th Century	Battle of the Alamo
03-07	1876	tdih-03-07-01	Alexander Graham Bell Patents the Telephone	CAN YOU HEAR ME: Bell Receives Patent for Device That Transmits Speech	On March 7, 1876, Alexander Graham Bell was granted a patent for the telephone, beating rival Elisha Gray by mere hours in a race that changed the world.	Industrial Age	Telephone
03-08	1917	tdih-03-08-01	February Revolution Begins in Russia	TSAR FALLS: Bread Riots in Petrograd Escalate Into Revolution	On March 8, 1917, International Women's Day protests in Petrograd over bread shortages escalated into the February Revolution that would topple the Tsar.	World War I Era	February Revolution
03-09	1862	tdih-03-09-01	Battle of the Ironclads	NAVAL WARFARE TRANSFORMED: Monitor and Merrimack Fight First Battle Between Ironclad Warships	On March 9, 1862, the USS Monitor and CSS Virginia fought the first battle between ironclad warships, rendering wooden naval vessels obsolete.	Civil War	Battle of Hampton Roads
03-10	1876	tdih-03-10-01	First Telephone Call Made	MR. WATSON COME HERE: Alexander Graham Bell Makes the First Telephone Call	On March 10, 1876, Alexander Graham Bell made the first successful telephone call, saying to his assistant, Mr. Watson, come here, I want to see you.	Industrial Age	Telephone
03-11	2011	tdih-03-11-01	Tohoku Earthquake and Tsunami	TRIPLE DISASTER: Magnitude 9.0 Earthquake Triggers Tsunami and Nuclear Meltdown in Japan	On March 11, 2011, a magnitude 9.0 earthquake off Japan triggered a massive tsunami and the Fukushima nuclear disaster, killing over 18,000 people.	21st Century	2011 Tōhoku earthquake and tsunami
03-12	1930	tdih-03-12-01	Gandhi Begins Salt March	MARCH TO THE SEA: Gandhi Leads 240-Mile Walk to Defy British Salt Tax	On March 12, 1930, Mahatma Gandhi began the Salt March, walking 240 miles to the Arabian Sea to make salt in defiance of the British monopoly.	Great Depression	Salt March
03-13	1781	tdih-03-13-01	William Herschel Discovers Uranus	NEW PLANET: Herschel Discovers Seventh Planet in the Solar System	On March 13, 1781, astronomer William Herschel discovered Uranus, the first planet found using a telescope and the first discovered in modern history.	18th Century	Uranus
03-14	1879	tdih-03-14-01	Albert Einstein Born	GENIUS ARRIVES: Albert Einstein Born in Ulm, Germany	On March 14, 1879, Albert Einstein was born in Ulm, Germany; he would revolutionize physics with his theories of relativity and quantum mechanics.	Victorian Era	Albert Einstein
03-15	-44	tdih-03-15-01	Assassination of Julius Caesar	BEWARE THE IDES: Julius Caesar Stabbed 23 Times by Senators on the Senate Floor	On March 15, 44 BC, Roman dictator Julius Caesar was assassinated by a group of senators including Brutus and Cassius, plunging Rome into civil war.	Ancient World	Assassination of Julius Caesar
03-16	1802	tdih-03-16-01	US Military Academy Established at West Point	ARMY ACADEMY: Congress Creates Military Academy at West Point, New York	On March 16, 1802, Congress established the United States Military Academy at West Point, New York, to train officers for the nation's army.	18th Century	United States Military Academy
03-17	461	tdih-03-17-01	Death of Saint Patrick	PATRON SAINT: Saint Patrick Dies, Leaving Ireland Forever Changed by Christianity	Saint Patrick, the patron saint of Ireland, died on March 17, 461 AD, having spent decades converting the Irish to Christianity and becoming a global cultural icon.	Medieval	Saint Patrick
03-18	1871	tdih-03-18-01	Paris Commune Proclaimed	WORKERS SEIZE POWER: Revolutionary Government Takes Control of Paris	On March 18, 1871, the Paris Commune was proclaimed after citizens and National Guard members seized control of the city from the French government.	Victorian Era	Paris Commune
03-19	1920	tdih-03-19-01	US Senate Rejects Treaty of Versailles	LEAGUE REJECTED: Senate Fails to Ratify Treaty of Versailles and League of Nations	On March 19, 1920, the US Senate rejected the Treaty of Versailles for the second time, keeping America out of the League of Nations.	Early 20th Century	United States and the League of Nations
03-20	1602	tdih-03-20-01	Dutch East India Company Founded	CORPORATE EMPIRE: Dutch Establish World's First Publicly Traded Company	On March 20, 1602, the Dutch East India Company was established, becoming the world's first publicly traded company and pioneering modern capitalism.	17th Century	Dutch East India Company
03-21	1804	tdih-03-21-01	Napoleonic Code Adopted	LAW FOR ALL: Napoleon Introduces Legal Code That Will Reshape Western Law	On March 21, 1804, Napoleon Bonaparte enacted the Napoleonic Code, a unified legal system that would influence the laws of dozens of countries worldwide.	18th Century	Napoleonic Code
03-22	1622	tdih-03-22-01	Powhatan Attack on Virginia Settlers	MASSACRE IN VIRGINIA: Powhatan Warriors Attack English Settlements, Killing 347 Colonists	On March 22, 1622, Powhatan warriors launched coordinated attacks on English settlements along the James River, killing roughly a quarter of the colonists.	17th Century	Indian massacre of 1622
03-23	1775	tdih-03-23-01	Patrick Henry's Give Me Liberty Speech	LIBERTY OR DEATH: Patrick Henry Delivers Fiery Speech Demanding Revolution	On March 23, 1775, Patrick Henry delivered his famous speech declaring Give me liberty, or give me death!, galvanizing the American independence movement.	18th Century	Give me liberty, or give me death!
03-24	1882	tdih-03-24-01	Robert Koch Announces Discovery of TB Bacteria	TUBERCULOSIS UNMASKED: Koch Identifies the Bacterium That Causes the White Plague	On March 24, 1882, Robert Koch announced his discovery of the bacterium that causes tuberculosis, the disease that killed one in seven Europeans.	Victorian Era	Robert Koch
03-25	1807	tdih-03-25-01	British Parliament Abolishes Slave Trade	SLAVE TRADE ENDS: Parliament Passes Act Abolishing the Atlantic Slave Trade	On March 25, 1807, the British Parliament passed the Slave Trade Act, making it illegal to trade enslaved people throughout the British Empire.	19th Century	Slave Trade Act 1807
03-26	1953	tdih-03-26-01	Jonas Salk Announces Polio Vaccine	POLIO CONQUERED: Dr. Salk Announces Successful Vaccine Against Polio	On March 26, 1953, Dr. Jonas Salk announced that he had successfully tested a vaccine against poliomyelitis, the crippling disease that terrorized parents.	Post-World War II	Polio vaccine
03-27	1977	tdih-03-27-01	Tenerife Airport Disaster	DEADLIEST CRASH: Two Boeing 747s Collide on Runway, Killing 583 People	On March 27, 1977, two Boeing 747 aircraft collided on the runway at Tenerife airport, killing 583 people in the deadliest accident in aviation history.	1970s America	Tenerife airport disaster
03-28	1854	tdih-03-28-01	Britain and France Declare War on Russia	CRIMEAN WAR BEGINS: Britain and France Enter War Against Russia	On March 28, 1854, Britain and France declared war on Russia, beginning the Crimean War that would expose the horrors of modern industrialized conflict.	Victorian Era	Crimean War
03-29	1974	tdih-03-29-01	Terracotta Army Discovered	BURIED ARMY: Chinese Farmers Discover Thousands of Life-Size Clay Soldiers	On March 29, 1974, Chinese farmers digging a well near Xi'an discovered the Terracotta Army, an army of 8,000 life-size clay soldiers guarding Emperor Qin's tomb.	1970s America	Terracotta Army
03-30	1867	tdih-03-30-01	United States Purchases Alaska	SEWARD'S FOLLY: US Buys Alaska from Russia for $7.2 Million	On March 30, 1867, the United States agreed to purchase Alaska from Russia for $7.2 million, a deal mocked as Seward's Folly but later proved extraordinarily valuable.	Victorian Era	Alaska Purchase
03-31	1889	tdih-03-31-01	Eiffel Tower Completed	IRON LADY RISES: Eiffel Tower Completed in Paris After Two Years of Construction	On March 31, 1889, the Eiffel Tower was completed in Paris, becoming the tallest man-made structure in the world at 1,024 feet.	Victorian Era	Eiffel Tower
04-01	1976	tdih-04-01-01	Apple Computer Founded	GARAGE REVOLUTION: Steve Jobs and Steve Wozniak Found Apple Computer	On April 1, 1976, Steve Jobs and Steve Wozniak founded Apple Computer Company in Jobs's garage, launching a company that would revolutionize personal computing.	Science & Discovery	Apple Inc.
04-02	1513	tdih-04-02-01	Ponce de Leon Reaches Florida	NEW LAND: Spanish Explorer Ponce de Leon Becomes First European to Reach Florida	On April 2, 1513, Spanish explorer Juan Ponce de Leon became the first recorded European to reach what is now Florida, claiming it for Spain.	Renaissance	Juan Ponce de León
04-03	1860	tdih-04-03-01	Pony Express Begins	MAIL AT A GALLOP: First Pony Express Rider Departs St. Joseph, Missouri	On April 3, 1860, the first Pony Express rider departed St. Joseph, Missouri, beginning a mail delivery service that could cross the continent in 10 days.	19th Century	Pony Express
04-04	1968	tdih-04-04-01	Martin Luther King Jr. Assassinated	KING KILLED: Martin Luther King Jr. Assassinated on Memphis Motel Balcony	On April 4, 1968, Martin Luther King Jr. was assassinated at the Lorraine Motel in Memphis, Tennessee, triggering riots in over 100 American cities.	Civil Rights Era	Assassination of Martin Luther King Jr.
04-05	1722	tdih-04-05-01	Easter Island Discovered by Europeans	STONE GIANTS: Dutch Explorer Roggeveen Discovers Easter Island and Its Mysterious Statues	On April 5, 1722, Dutch explorer Jacob Roggeveen became the first European to reach Easter Island, encountering the mysterious moai statues.	18th Century	Easter Island
04-06	1917	tdih-04-06-01	United States Enters World War I	OVER THERE: Congress Declares War on Germany, America Enters the Great War	On April 6, 1917, Congress declared war on Germany, bringing the United States into World War I and tipping the balance of the conflict.	World War I Era	United States in World War I
04-07	1948	tdih-04-07-01	World Health Organization Founded	HEALTH FOR ALL: United Nations Establishes the World Health Organization	On April 7, 1948, the World Health Organization was established by the United Nations, dedicated to promoting health and combating disease worldwide.	Post-World War II	World Health Organization
04-08	1820	tdih-04-08-01	Venus de Milo Discovered	ARMLESS BEAUTY: Greek Farmer Discovers Ancient Statue on Island of Milos	On April 8, 1820, a Greek farmer on the island of Milos discovered the Venus de Milo, which would become one of the most famous sculptures in the world.	19th Century	Venus de Milo
04-09	1865	tdih-04-09-01	Lee Surrenders at Appomattox	WAR'S END: General Robert E. Lee Surrenders to Ulysses S. Grant at Appomattox	On April 9, 1865, Confederate General Robert E. Lee surrendered to Union General Ulysses S. Grant at Appomattox Court House, ending the Civil War.	Civil War	Battle of Appomattox Court House
04-10	1912	tdih-04-10-01	Titanic Sets Sail	UNSINKABLE: RMS Titanic Departs Southampton on Her Maiden Voyage	On April 10, 1912, the RMS Titanic departed Southampton on her maiden voyage to New York City; five days later she would strike an iceberg and sink.	Early 20th Century	Titanic
04-11	1945	tdih-04-11-01	Liberation of Buchenwald	HORROR REVEALED: US Troops Liberate Buchenwald Concentration Camp	On April 11, 1945, American troops liberated Buchenwald concentration camp, where over 56,000 prisoners had been murdered.	World War II	Buchenwald concentration camp
04-12	1961	tdih-04-12-01	Yuri Gagarin Becomes First Man in Space	MAN IN SPACE: Soviet Cosmonaut Gagarin Orbits Earth in Vostok 1	On April 12, 1961, Soviet cosmonaut Yuri Gagarin became the first human in space, orbiting Earth once aboard Vostok 1 in a 108-minute flight.	Space Age	Vostok 1
04-13	1743	tdih-04-13-01	Birth of Thomas Jefferson	FOUNDER BORN: Thomas Jefferson Born at Shadwell Plantation in Virginia	On April 13, 1743, Thomas Jefferson was born at Shadwell in Virginia; he would write the Declaration of Independence and serve as the third president.	18th Century	Thomas Jefferson
04-14	1865	tdih-04-14-01	Lincoln Assassinated at Ford's Theatre	PRESIDENT SHOT: John Wilkes Booth Shoots Abraham Lincoln at Ford's Theatre	On April 14, 1865, John Wilkes Booth shot President Abraham Lincoln during a performance at Ford's Theatre; Lincoln died the following morning.	Civil War	Assassination of Abraham Lincoln
04-15	1912	tdih-04-15-01	Titanic Sinks	SHIP OF DREAMS LOST: RMS Titanic Sinks After Hitting Iceberg, Killing 1,500	On April 15, 1912, the RMS Titanic sank in the North Atlantic after striking an iceberg, killing approximately 1,500 of the 2,224 people aboard.	Early 20th Century	Sinking of the Titanic
04-16	1862	tdih-04-16-01	Slavery Abolished in Washington DC	CAPITAL FREED: President Lincoln Signs Act Abolishing Slavery in Washington, D.C.	On April 16, 1862, President Lincoln signed the District of Columbia Compensated Emancipation Act, freeing about 3,100 enslaved people in the capital.	Civil War	District of Columbia Compensated Emancipation Act
04-17	1961	tdih-04-17-01	Bay of Pigs Invasion Begins	INVASION FAILS: CIA-Backed Cuban Exiles Land at Bay of Pigs	On April 17, 1961, approximately 1,400 CIA-trained Cuban exiles landed at the Bay of Pigs to overthrow Fidel Castro; the invasion failed within three days.	Cold War	Bay of Pigs Invasion
04-18	1775	tdih-04-18-01	Paul Revere's Ride	THE BRITISH ARE COMING: Paul Revere Rides Through the Night to Warn of British Advance	On the night of April 18, 1775, Paul Revere rode from Boston to Lexington to warn Samuel Adams and John Hancock that British troops were approaching.	18th Century	Paul Revere's Midnight Ride
04-19	1775	tdih-04-19-01	Battles of Lexington and Concord	SHOT HEARD ROUND THE WORLD: American Revolution Begins at Lexington and Concord	On April 19, 1775, British troops and colonial minutemen clashed at Lexington and Concord, Massachusetts, firing the first shots of the American Revolution.	18th Century	Battles of Lexington and Concord
04-20	1889	tdih-04-20-01	Birth of Adolf Hitler	DARK BIRTH: Adolf Hitler Born in Braunau am Inn, Austria	On April 20, 1889, Adolf Hitler was born in Braunau am Inn, Austria; he would become the dictator of Nazi Germany and perpetrator of the Holocaust.	Victorian Era	Adolf Hitler
04-21	753	tdih-04-21-01	Legendary Founding of Rome	ETERNAL CITY BORN: Romulus Founds the City of Rome on the Palatine Hill	According to Roman tradition, Romulus founded the city of Rome on April 21, 753 BC, establishing what would become the greatest empire of the ancient world.	Ancient World	Founding of Rome
04-22	1970	tdih-04-22-01	First Earth Day	PLANET FIRST: 20 Million Americans Rally for First Earth Day	On April 22, 1970, 20 million Americans participated in the first Earth Day, the largest environmental demonstration in history up to that time.	1970s America	Earth Day
04-23	1616	tdih-04-23-01	Death of Shakespeare	BARD'S FINAL ACT: William Shakespeare Dies in Stratford-upon-Avon at Age 52	On April 23, 1616, William Shakespeare died in Stratford-upon-Avon at age 52, leaving behind 37 plays and 154 sonnets that define English literature.	17th Century	William Shakespeare
04-24	1915	tdih-04-24-01	Armenian Genocide Begins	SYSTEMATIC MURDER: Ottoman Empire Begins Deportation and Massacre of Armenian Population	On April 24, 1915, Ottoman authorities arrested Armenian intellectuals in Constantinople, beginning a genocide that would kill 1.5 million Armenians.	World War I Era	Armenian genocide
04-25	1859	tdih-04-25-01	Construction of Suez Canal Begins	DESERT DIG: Work Begins on the Suez Canal Linking Mediterranean to Red Sea	On April 25, 1859, construction began on the Suez Canal, an ambitious project to connect the Mediterranean and Red Seas across 120 miles of Egyptian desert.	Victorian Era	Suez Canal
04-26	1986	tdih-04-26-01	Chernobyl Disaster	REACTOR EXPLODES: Chernobyl Nuclear Power Plant Suffers Catastrophic Meltdown	On April 26, 1986, Reactor No. 4 at Chernobyl exploded during a safety test, releasing 400 times more radiation than the Hiroshima bomb.	Cold War	Chernobyl disaster
04-27	4977	tdih-04-27-01	Traditional Date of Creation	IN THE BEGINNING: Archbishop Ussher's Calculated Date for the Creation of the World	According to the 17th-century calculations of Archbishop James Ussher, the world was created on the evening of October 22, 4004 BC.	Ancient World	Ussher chronology
04-28	1789	tdih-04-28-01	Mutiny on the Bounty	MUTINY: Fletcher Christian Seizes HMS Bounty and Sets Captain Bligh Adrift	On April 28, 1789, Fletcher Christian led a mutiny aboard HMS Bounty, setting Captain William Bligh and 18 loyalists adrift in an open boat.	18th Century	Mutiny on the Bounty
04-29	1945	tdih-04-29-01	Liberation of Dachau	GATES OF HELL: American Troops Liberate Dachau, First Nazi Concentration Camp	On April 29, 1945, American troops liberated Dachau, the first concentration camp established by the Nazi regime in 1933.	World War II	Dachau concentration camp
04-30	1803	tdih-04-30-01	Louisiana Purchase Completed	BARGAIN OF THE CENTURY: United States Doubles Its Size for Four Cents an Acre	On April 30, 1803, the United States completed the Louisiana Purchase from France, acquiring 828,000 square miles for approximately $15 million.	18th Century	Louisiana Purchase
05-01	1707	tdih-05-01-01	Act of Union Creates Great Britain	TWO BECOME ONE: England and Scotland Unite to Form Great Britain	On May 1, 1707, the Act of Union took effect, merging England and Scotland into the Kingdom of Great Britain.	18th Century	Acts of Union 1707
05-02	2011	tdih-05-02-01	Osama bin Laden Killed	JUSTICE DONE: US Special Forces Kill Osama bin Laden in Pakistan Raid	On May 2, 2011, US Navy SEALs killed Osama bin Laden in a raid on his compound in Abbottabad, Pakistan, nearly 10 years after the September 11 attacks.	21st Century	Killing of Osama bin Laden
05-03	1469	tdih-05-03-01	Birth of Machiavelli	PRINCE OF POLITICS BORN: Niccolo Machiavelli Born in Florence	On May 3, 1469, Niccolo Machiavelli was born in Florence; his treatise The Prince would become the foundational text of modern political science.	Renaissance	Niccolò Machiavelli
05-04	1970	tdih-05-04-01	Kent State Shootings	SHOTS ON CAMPUS: National Guard Kills Four Students at Kent State University	On May 4, 1970, Ohio National Guard troops fired on unarmed students protesting the Vietnam War at Kent State University, killing four and wounding nine.	1970s America	Kent State shootings
05-05	1862	tdih-05-05-01	Battle of Puebla (Cinco de Mayo)	MEXICAN VICTORY: Outnumbered Mexican Forces Defeat French Army at Puebla	On May 5, 1862, Mexican forces defeated the French army at the Battle of Puebla, an underdog victory celebrated annually as Cinco de Mayo.	19th Century	Battle of Puebla
05-06	1937	tdih-05-06-01	Hindenburg Disaster	OH THE HUMANITY: Zeppelin Hindenburg Explodes While Landing in New Jersey	On May 6, 1937, the German airship Hindenburg caught fire while landing at Lakehurst, New Jersey, killing 36 people and ending the age of the airship.	Great Depression	Hindenburg disaster
05-07	1945	tdih-05-07-01	Germany Surrenders	WAR IN EUROPE ENDS: Germany Signs Unconditional Surrender at Reims	On May 7, 1945, General Alfred Jodl signed Germany's unconditional surrender at Allied headquarters in Reims, France, ending World War II in Europe.	World War II	German Instrument of Surrender
05-08	1945	tdih-05-08-01	V-E Day	VICTORY IN EUROPE: Millions Celebrate the End of the War in Europe	On May 8, 1945, the Allies formally accepted Germany's unconditional surrender, marking Victory in Europe Day as millions took to the streets to celebrate.	World War II	Victory in Europe Day
05-09	1960	tdih-05-09-01	FDA Approves Birth Control Pill	THE PILL: FDA Approves First Oral Contraceptive, Transforming Women's Lives	On May 9, 1960, the FDA approved Enovid as the first oral contraceptive pill, giving women unprecedented control over reproduction and transforming society.	1960s America	Combined oral contraceptive pill
05-10	1869	tdih-05-10-01	Transcontinental Railroad Completed	GOLDEN SPIKE: East Meets West as Railroad Joins at Promontory Summit	On May 10, 1869, the golden spike was driven at Promontory Summit, Utah, completing the transcontinental railroad and connecting America coast to coast.	Industrial Age	First transcontinental railroad
05-11	330	tdih-05-11-01	Constantinople Inaugurated	NEW ROME: Emperor Constantine Dedicates Constantinople as Capital of the Roman Empire	On May 11, 330 AD, Emperor Constantine dedicated Constantinople as the new capital of the Roman Empire, creating a city that would dominate for a millennium.	Ancient World	Constantinople
05-12	1820	tdih-05-12-01	Florence Nightingale Born	LADY WITH THE LAMP BORN: Florence Nightingale Born in Florence, Italy	On May 12, 1820, Florence Nightingale was born in Florence, Italy; she would pioneer modern nursing and transform military medical care.	Victorian Era	Florence Nightingale
05-13	1846	tdih-05-13-01	Mexican-American War Declared	WAR WITH MEXICO: Congress Declares War After Border Clash on the Rio Grande	On May 13, 1846, Congress declared war on Mexico after President Polk claimed American blood had been shed on American soil along the Rio Grande.	19th Century	Mexican–American War
05-14	1796	tdih-05-14-01	Edward Jenner Administers First Vaccination	FIRST VACCINE: Jenner Inoculates Boy with Cowpox to Prevent Smallpox	On May 14, 1796, Edward Jenner inoculated 8-year-old James Phipps with cowpox material, performing the first vaccination and pioneering immunology.	18th Century	Edward Jenner
05-15	1940	tdih-05-15-01	McDonald's Opens	FAST FOOD BORN: Richard and Maurice McDonald Open Their First Restaurant	On May 15, 1940, Richard and Maurice McDonald opened the first McDonald's restaurant in San Bernardino, California, pioneering the fast food industry.	World War II	McDonald's
05-16	1770	tdih-05-16-01	Marie Antoinette Marries Louis XVI	ROYAL WEDDING: 14-Year-Old Marie Antoinette Marries the Future King of France	On May 16, 1770, 14-year-old Austrian Archduchess Marie Antoinette married the future Louis XVI of France in a lavish ceremony at Versailles.	18th Century	Marie Antoinette
05-17	1954	tdih-05-17-01	Brown v. Board of Education Decided	SEPARATE IS NOT EQUAL: Supreme Court Strikes Down School Segregation	On May 17, 1954, the Supreme Court unanimously ruled in Brown v. Board of Education that racial segregation in public schools was unconstitutional.	Civil Rights Era	Brown v. Board of Education
05-18	1980	tdih-05-18-01	Mount St. Helens Erupts	MOUNTAIN EXPLODES: Mount St. Helens Erupts, Killing 57 and Flattening 230 Square Miles	On May 18, 1980, Mount St. Helens in Washington state erupted with the force of 500 atomic bombs, killing 57 people and devastating 230 square miles.	Science & Discovery	1980 eruption of Mount St. Helens
05-19	1536	tdih-05-19-01	Anne Boleyn Executed	QUEEN BEHEADED: Anne Boleyn Executed at the Tower of London on Orders of Henry VIII	On May 19, 1536, Anne Boleyn, the second wife of Henry VIII, was executed at the Tower of London, accused of treason, adultery, and witchcraft.	16th Century	Anne Boleyn
05-20	1927	tdih-05-20-01	Lindbergh Begins Transatlantic Flight	LONE EAGLE: Lindbergh Takes Off from Roosevelt Field for Solo Flight to Paris	On May 20, 1927, Charles Lindbergh took off from Roosevelt Field, New York in the Spirit of St. Louis, beginning his historic solo flight across the Atlantic.	Roaring Twenties	Charles Lindbergh
05-21	1881	tdih-05-21-01	American Red Cross Founded	AID FOR ALL: Clara Barton Founds the American Red Cross	On May 21, 1881, Clara Barton founded the American Red Cross, creating an organization that would provide disaster relief and humanitarian aid for over a century.	Victorian Era	American Red Cross
05-22	1906	tdih-05-22-01	Wright Brothers Receive Flying Machine Patent	PATENT GRANTED: Wright Brothers Receive Patent for Their Flying Machine	On May 22, 1906, the Wright Brothers were granted U.S. Patent 821,393 for their invention of a flying machine with a control system.	Early 20th Century	Wright brothers
05-23	1618	tdih-05-23-01	Defenestration of Prague	OUT THE WINDOW: Prague Incident Triggers the Thirty Years War	On May 23, 1618, Protestant nobles threw two Catholic governors out of a window at Prague Castle, sparking the Thirty Years War across Europe.	17th Century	Defenestrations of Prague
05-24	1844	tdih-05-24-01	First Telegraphic Message Sent	WHAT HATH GOD WROUGHT: Morse Sends First Telegraph Message from Washington to Baltimore	On May 24, 1844, Samuel Morse sent the first telegraphic message from Washington to Baltimore, inaugurating the age of instant communication.	Victorian Era	Electrical telegraph
05-25	1977	tdih-05-25-01	Star Wars Released	A LONG TIME AGO: Star Wars Opens in Theaters and Changes Movies Forever	On May 25, 1977, Star Wars premiered in American theaters, becoming a cultural phenomenon that revolutionized filmmaking and spawned a global franchise.	1970s America	Star Wars (film)
05-26	1896	tdih-05-26-01	Dow Jones Industrial Average First Published	MARKET MEASURE: Charles Dow Publishes First Industrial Average of 12 Stocks	On May 26, 1896, Charles Dow published the first Dow Jones Industrial Average, tracking 12 industrial stocks and creating the benchmark for American markets.	Victorian Era	Dow Jones Industrial Average
05-27	1941	tdih-05-27-01	Bismarck Sunk	MIGHTY BATTLESHIP DESTROYED: Royal Navy Sinks Germany's Bismarck in the North Atlantic	On May 27, 1941, the Royal Navy sank the German battleship Bismarck in the North Atlantic, ending a dramatic chase that gripped the world.	World War II	Bismarck (battleship)
05-28	585	tdih-05-28-01	Battle of Halys Stopped by Solar Eclipse	ECLIPSE ENDS WAR: Solar Eclipse Halts Battle Between Lydians and Medes	On May 28, 585 BC, a solar eclipse predicted by Thales of Miletus halted a battle between the Lydians and Medes, leading to a peace settlement.	Ancient World	Battle of Halys
05-29	1453	tdih-05-29-01	Fall of Constantinople	END OF AN ERA: Ottoman Turks Capture Constantinople After 53-Day Siege	On May 29, 1453, Ottoman forces under Sultan Mehmed II captured Constantinople, ending the 1,100-year Byzantine Empire and reshaping civilization.	Medieval	Fall of Constantinople
05-30	1431	tdih-05-30-01	Joan of Arc Burned at the Stake	MAID OF ORLEANS MARTYRED: Joan of Arc Burned at the Stake in Rouen at Age 19	On May 30, 1431, Joan of Arc was burned at the stake in Rouen, France, at age 19, after being convicted of heresy by an English-allied court.	Medieval	Joan of Arc
05-31	1859	tdih-05-31-01	Big Ben Rings for First Time	TIME BEGINS: Big Ben Rings for the First Time at the Palace of Westminster	On May 31, 1859, the Great Bell of the clock at the Palace of Westminster — known as Big Ben — rang for the first time in London.	Victorian Era	Big Ben
06-01	1495	tdih-06-01-01	First Written Record of Scotch Whisky	WATER OF LIFE: First Known Reference to Scotch Whisky Appears in Royal Records	On June 1, 1495, the first known written reference to Scotch whisky appeared in the Exchequer Rolls of Scotland, noting malt for making aqua vitae.	Renaissance	Scotch whisky
06-02	1953	tdih-06-02-01	Coronation of Elizabeth II	GOD SAVE THE QUEEN: Elizabeth II Crowned at Westminster Abbey Before 27 Million TV Viewers	On June 2, 1953, Queen Elizabeth II was crowned at Westminster Abbey in the first coronation broadcast on television, watched by 27 million viewers.	Post-World War II	Coronation of Elizabeth II
06-03	1965	tdih-06-03-01	Ed White First American Spacewalk	WALKING IN SPACE: Astronaut Ed White Floats Outside Gemini 4 for 23 Minutes	On June 3, 1965, astronaut Ed White became the first American to perform a spacewalk, floating outside Gemini 4 for 23 minutes over the Pacific.	Space Age	Gemini 4
06-04	1989	tdih-06-04-01	Tiananmen Square Massacre	TANKS ROLL IN: Chinese Army Fires on Pro-Democracy Protesters in Tiananmen Square	On June 4, 1989, the Chinese military violently cleared Tiananmen Square of pro-democracy protesters, killing hundreds or thousands of civilians.	Cold War	1989 Tiananmen Square protests and massacre
06-05	1944	tdih-06-05-01	D-Day Eve Briefing	INVASION TOMORROW: Eisenhower Gives Final Go-Ahead for Normandy Invasion	On June 5, 1944, General Eisenhower gave the final order to launch the D-Day invasion of Normandy, the largest amphibious military operation in history.	World War II	Normandy landings
06-06	1944	tdih-06-06-01	D-Day Normandy Invasion	OPERATION OVERLORD: 156,000 Allied Troops Storm Normandy Beaches	On June 6, 1944, Allied forces launched the D-Day invasion of Normandy, with 156,000 troops crossing the English Channel to begin the liberation of Europe.	World War II	Normandy landings
06-07	1494	tdih-06-07-01	Treaty of Tordesillas Signed	WORLD DIVIDED: Spain and Portugal Split the Globe Between Them	On June 7, 1494, Spain and Portugal signed the Treaty of Tordesillas, dividing the newly discovered lands of the Americas between the two empires.	Renaissance	Treaty of Tordesillas
06-08	632	tdih-06-08-01	Death of Prophet Muhammad	PROPHET PASSES: Muhammad Dies in Medina, Leaving Islam Without a Successor	On June 8, 632 AD, the Prophet Muhammad died in Medina, precipitating a succession crisis that would lead to the Sunni-Shia divide in Islam.	Medieval	Muhammad
06-09	1934	tdih-06-09-01	Donald Duck Debuts	QUACK: Donald Duck Makes His First Appearance in a Disney Cartoon	On June 9, 1934, Donald Duck made his film debut in The Wise Little Hen, beginning an 90-year career as one of Disney's most beloved characters.	Great Depression	Donald Duck
06-10	323	tdih-06-10-01	Death of Alexander the Great	CONQUEROR FALLS: Alexander the Great Dies in Babylon at Age 32	On June 10, 323 BC, Alexander the Great died in the palace of Nebuchadnezzar II in Babylon at age 32, leaving behind the largest empire the world had seen.	Ancient World	Death of Alexander the Great
06-11	1963	tdih-06-11-01	Buddhist Monk Self-Immolation in Saigon	BURNING PROTEST: Buddhist Monk Thich Quang Duc Burns Himself Alive in Saigon	On June 11, 1963, Buddhist monk Thich Quang Duc set himself on fire at a busy Saigon intersection to protest religious persecution, in a photo that shocked the world.	1960s America	Thích Quảng Đức
06-12	1942	tdih-06-12-01	Anne Frank Receives Her Diary	DEAR KITTY: Anne Frank Receives a Diary for Her 13th Birthday	On June 12, 1942, Anne Frank received a diary for her 13th birthday; she would fill it during two years in hiding, creating the most famous diary ever written.	World War II	The Diary of a Young Girl
06-13	323	tdih-06-13-01	Death of Alexander's General Perdiccas	EMPIRE FRACTURES: Alexander's Generals Begin to Divide His Conquests	Following Alexander's death, on June 13, 323 BC, his generals began the Wars of the Diadochi, dividing the empire among themselves.	Ancient World	Wars of the Diadochi
06-14	1777	tdih-06-14-01	Stars and Stripes Adopted	OLD GLORY: Continental Congress Adopts the Stars and Stripes as America's Flag	On June 14, 1777, the Second Continental Congress adopted the Stars and Stripes as the official flag of the United States.	18th Century	Flag of the United States
06-15	1215	tdih-06-15-01	Magna Carta Sealed	KING SUBMITS TO LAW: English Barons Force King John to Seal Magna Carta	On June 15, 1215, King John sealed Magna Carta at Runnymede, establishing that the king was not above the law and planting seeds of constitutional government.	Medieval	Magna Carta
06-16	1963	tdih-06-16-01	Valentina Tereshkova First Woman in Space	SHE ORBITS EARTH: Soviet Cosmonaut Becomes First Woman in Space	On June 16, 1963, Valentina Tereshkova launched aboard Vostok 6, becoming the first woman in space and orbiting Earth 48 times over three days.	Space Age	Valentina Tereshkova
06-17	1972	tdih-06-17-01	Watergate Break-In	CAUGHT: Five Men Arrested Breaking Into Democratic Party Headquarters at Watergate	On June 17, 1972, five men were arrested for breaking into the Democratic National Committee headquarters at the Watergate complex, beginning the scandal that would bring down President Nixon.	Watergate Era	Watergate scandal
06-18	1815	tdih-06-18-01	Battle of Waterloo	NAPOLEON'S LAST STAND: Wellington and Blucher Defeat Emperor at Waterloo	On June 18, 1815, the Duke of Wellington and Prussian forces defeated Napoleon at Waterloo, ending the Napoleonic Wars and reshaping Europe.	19th Century	Battle of Waterloo
06-19	1865	tdih-06-19-01	Juneteenth	FREEDOM ARRIVES: Union Soldiers Announce Emancipation to Enslaved People in Texas	On June 19, 1865, Union soldiers arrived in Galveston, Texas and announced that all enslaved people were free, two and a half years after the Emancipation Proclamation.	Civil War	Juneteenth
06-20	1837	tdih-06-20-01	Queen Victoria Ascends to the Throne	NEW QUEEN: 18-Year-Old Victoria Becomes Queen of the United Kingdom	On June 20, 1837, 18-year-old Princess Victoria became Queen of the United Kingdom upon the death of her uncle William IV, beginning a 63-year reign.	Victorian Era	Queen Victoria
06-21	1788	tdih-06-21-01	US Constitution Ratified	WE THE PEOPLE: New Hampshire Becomes Ninth State to Ratify, Making Constitution Law	On June 21, 1788, New Hampshire became the ninth state to ratify the US Constitution, meeting the threshold required to make it the law of the land.	18th Century	United States Constitution
06-22	1941	tdih-06-22-01	Operation Barbarossa Begins	LARGEST INVASION: Three Million German Troops Invade the Soviet Union	On June 22, 1941, Nazi Germany launched Operation Barbarossa, the largest military invasion in history, sending 3 million troops into the Soviet Union.	World War II	Operation Barbarossa
06-23	1868	tdih-06-23-01	Typewriter Patented	CLICK CLACK: Christopher Latham Sholes Receives Patent for the First Practical Typewriter	On June 23, 1868, Christopher Latham Sholes received a patent for the first practical typewriter, which would introduce the QWERTY keyboard layout.	Victorian Era	Typewriter
06-24	1948	tdih-06-24-01	Berlin Blockade Begins	CITY BESIEGED: Soviet Union Blocks All Ground Access to West Berlin	On June 24, 1948, the Soviet Union blocked all road, rail, and canal access to West Berlin, beginning the Berlin Blockade and triggering the Berlin Airlift.	Cold War	Berlin Blockade
06-25	1950	tdih-06-25-01	Korean War Begins	WAR IN KOREA: North Korean Forces Invade South Korea Across 38th Parallel	On June 25, 1950, North Korean forces invaded South Korea across the 38th parallel, beginning a three-year war that would kill millions.	Cold War	Korean War
06-26	1945	tdih-06-26-01	United Nations Charter Signed	WORLD UNITES: 50 Nations Sign the United Nations Charter in San Francisco	On June 26, 1945, delegates from 50 nations signed the United Nations Charter in San Francisco, establishing the organization dedicated to maintaining peace.	Post-World War II	United Nations Charter
06-27	1950	tdih-06-27-01	Truman Orders Troops to Korea	AMERICA ENTERS: President Truman Orders U.S. Forces to Defend South Korea	On June 27, 1950, President Truman ordered American military forces to South Korea without a formal declaration of war, setting a Cold War precedent.	Cold War	Korean War
06-28	1914	tdih-06-28-01	Assassination of Archduke Franz Ferdinand	SHOT IN SARAJEVO: Assassination of Archduke Franz Ferdinand Triggers World War I	On June 28, 1914, Gavrilo Princip assassinated Archduke Franz Ferdinand of Austria in Sarajevo, setting off a chain of events that led to World War I.	World War I Era	Assassination of Archduke Franz Ferdinand
06-29	1613	tdih-06-29-01	Globe Theatre Burns Down	STAGE ABLAZE: Shakespeare's Globe Theatre Burns to the Ground During Performance	On June 29, 1613, the Globe Theatre in London burned down during a performance of Henry VIII when a theatrical cannon set the thatched roof on fire.	17th Century	Globe Theatre
06-30	1908	tdih-06-30-01	Tunguska Event	SIBERIAN BLAST: Mysterious Explosion Flattens 80 Million Trees in Remote Siberia	On June 30, 1908, a massive explosion over the Tunguska River in Siberia flattened 80 million trees across 830 square miles, likely caused by a comet or asteroid.	Early 20th Century	Tunguska event
07-01	1867	tdih-07-01-01	Canadian Confederation	DOMINION DAY: Canada Becomes a Self-Governing Dominion Within the British Empire	On July 1, 1867, the British North America Act united Ontario, Quebec, Nova Scotia, and New Brunswick into the Dominion of Canada.	Victorian Era	Canadian Confederation
07-02	1776	tdih-07-02-01	Congress Votes for Independence	INDEPENDENCE VOTED: Continental Congress Votes to Declare Independence from Britain	On July 2, 1776, the Continental Congress voted in favor of independence from Great Britain, with John Adams predicting the date would be celebrated forever.	18th Century	Lee Resolution
07-03	1863	tdih-07-03-01	Pickett's Charge at Gettysburg	HIGH WATER MARK: Confederate Charge Fails at Gettysburg, Turning the Civil War	On July 3, 1863, General George Pickett led 12,500 Confederate soldiers in a doomed charge against Union positions at Gettysburg, marking the turning point of the Civil War.	Civil War	Pickett's Charge
07-04	1776	tdih-07-04-01	Declaration of Independence Adopted	LIBERTY PROCLAIMED: Continental Congress Adopts the Declaration of Independence	On July 4, 1776, the Continental Congress formally adopted the Declaration of Independence, severing ties with Britain and proclaiming the birth of a new nation.	18th Century	United States Declaration of Independence
07-05	1946	tdih-07-05-01	Bikini Introduced	FASHION EXPLOSION: French Designer Unveils the Bikini Swimsuit in Paris	On July 5, 1946, French designer Louis Reard unveiled the bikini at a Paris pool, naming it after the Bikini Atoll where nuclear tests were being conducted.	Post-World War II	Bikini
07-06	1885	tdih-07-06-01	Pasteur Successfully Tests Rabies Vaccine	RABIES CONQUERED: Pasteur Successfully Vaccinates Boy Bitten by Rabid Dog	On July 6, 1885, Louis Pasteur successfully vaccinated 9-year-old Joseph Meister against rabies, proving his vaccine worked on humans.	Victorian Era	Louis Pasteur
07-07	2005	tdih-07-07-01	London 7/7 Bombings	LONDON UNDER ATTACK: Four Bombs Strike Tube and Bus During Morning Rush Hour	On July 7, 2005, four suicide bombers detonated explosives on three London Underground trains and a bus during morning rush hour, killing 52 people.	21st Century	7 July 2005 London bombings
07-08	1776	tdih-07-08-01	Liberty Bell Rings for Declaration Reading	LET FREEDOM RING: Liberty Bell Summons Citizens for First Public Reading of Declaration	On July 8, 1776, the Liberty Bell rang at the Pennsylvania State House to summon citizens for the first public reading of the Declaration of Independence.	18th Century	Liberty Bell
07-09	1868	tdih-07-09-01	14th Amendment Ratified	EQUAL PROTECTION: 14th Amendment Guarantees Citizenship and Equal Protection Under Law	On July 9, 1868, the 14th Amendment to the Constitution was ratified, granting citizenship to all persons born in the US and guaranteeing equal protection.	Civil War	Fourteenth Amendment to the United States Constitution
07-10	1940	tdih-07-10-01	Battle of Britain Begins	THEIR FINEST HOUR: Luftwaffe Launches First Major Air Attacks on Britain	On July 10, 1940, the German Luftwaffe began its sustained air campaign against Britain, beginning the Battle of Britain that Churchill called their finest hour.	World War II	Battle of Britain
07-11	1804	tdih-07-11-01	Hamilton-Burr Duel	FATAL SHOT: Vice President Aaron Burr Kills Alexander Hamilton in Duel	On July 11, 1804, Vice President Aaron Burr mortally wounded former Treasury Secretary Alexander Hamilton in a duel at Weehawken, New Jersey.	18th Century	Burr–Hamilton duel
07-12	100	tdih-07-12-01	Birth of Julius Caesar	DICTATOR BORN: Gaius Julius Caesar Born in Rome	On July 12, 100 BC, Gaius Julius Caesar was born in Rome; he would conquer Gaul, cross the Rubicon, and reshape the Roman Republic before his assassination.	Ancient World	Julius Caesar
07-13	1793	tdih-07-13-01	Assassination of Jean-Paul Marat	MURDERED IN HIS BATH: Charlotte Corday Stabs Revolutionary Leader Marat	On July 13, 1793, Charlotte Corday stabbed French revolutionary leader Jean-Paul Marat to death in his bathtub, a scene immortalized in David's famous painting.	18th Century	Jean-Paul Marat
07-14	1789	tdih-07-14-01	Storming of the Bastille	BASTILLE FALLS: Paris Mob Storms Royal Fortress, Launching the French Revolution	On July 14, 1789, a Parisian mob stormed the Bastille fortress, a symbol of royal authority, marking the beginning of the French Revolution.	18th Century	Storming of the Bastille
07-15	1099	tdih-07-15-01	Crusaders Capture Jerusalem	HOLY CITY TAKEN: First Crusade Captures Jerusalem After Five-Week Siege	On July 15, 1099, Crusader forces captured Jerusalem after a siege, massacring many of the city's Muslim and Jewish inhabitants.	Medieval	Siege of Jerusalem (1099)
07-16	1945	tdih-07-16-01	First Nuclear Bomb Test	DAWN OF THE ATOMIC AGE: Trinity Test Detonates First Nuclear Weapon in New Mexico Desert	On July 16, 1945, the first nuclear weapon was detonated at the Trinity test site in New Mexico, with J. Robert Oppenheimer quoting: I am become Death.	World War II	Trinity (nuclear test)
07-17	1918	tdih-07-17-01	Execution of the Romanovs	DYNASTY ENDS: Bolsheviks Execute Tsar Nicholas II and His Family in Ekaterinburg	On July 17, 1918, Bolsheviks executed Tsar Nicholas II, his wife, and their five children in Ekaterinburg, ending the 300-year Romanov dynasty.	World War I Era	Execution of the Romanov family
07-18	64	tdih-07-18-01	Great Fire of Rome	ROME BURNS: Great Fire Devastates Rome for Six Days While Emperor Nero Watches	On July 18, 64 AD, the Great Fire of Rome erupted and burned for six days, destroying much of the city; legend says Nero played his fiddle while it burned.	Ancient World	Great Fire of Rome
07-19	1799	tdih-07-19-01	Rosetta Stone Discovered	KEY TO THE PAST: French Soldiers Discover the Rosetta Stone in Egypt	On July 19, 1799, a French soldier discovered the Rosetta Stone near the Egyptian town of Rosetta, providing the key to deciphering ancient Egyptian hieroglyphs.	18th Century	Rosetta Stone
07-20	1969	tdih-07-20-01	Moon Landing	ONE SMALL STEP: Neil Armstrong Walks on the Moon	On July 20, 1969, Neil Armstrong and Buzz Aldrin became the first humans to walk on the Moon during the Apollo 11 mission, watched by 600 million people worldwide.	Space Age	Apollo 11
07-21	356	tdih-07-21-01	Temple of Artemis Burned	WONDER DESTROYED: Herostratus Burns the Temple of Artemis at Ephesus	On July 21, 356 BC, Herostratus deliberately set fire to the Temple of Artemis at Ephesus, one of the Seven Wonders of the Ancient World, to achieve fame.	Ancient World	Temple of Artemis
07-22	1934	tdih-07-22-01	FBI Kills John Dillinger	PUBLIC ENEMY DOWN: FBI Agents Shoot John Dillinger Outside Chicago Theater	On July 22, 1934, FBI agents shot and killed notorious bank robber John Dillinger outside the Biograph Theater in Chicago.	Great Depression	John Dillinger
07-23	1903	tdih-07-23-01	Ford Motor Company Sells First Car	PUTTING AMERICA ON WHEELS: Ford Motor Company Sells Its First Automobile	On July 23, 1903, the Ford Motor Company sold its first car, the Model A, to Dr. Ernst Pfennig of Chicago, beginning the automotive revolution.	Turn of the Century	Ford Motor Company
07-24	1911	tdih-07-24-01	Machu Picchu Rediscovered	LOST CITY FOUND: Yale Explorer Rediscovers Machu Picchu in the Peruvian Andes	On July 24, 1911, American historian Hiram Bingham III rediscovered the Incan citadel of Machu Picchu high in the Peruvian Andes.	Early 20th Century	Machu Picchu
07-25	1978	tdih-07-25-01	First Test Tube Baby Born	MEDICAL MILESTONE: First Baby Conceived Through In Vitro Fertilization Born in England	On July 25, 1978, Louise Joy Brown was born in Oldham, England, the first baby conceived through in vitro fertilization, pioneering reproductive medicine.	1970s America	Louise Brown
07-26	1945	tdih-07-26-01	Potsdam Declaration Issued	SURRENDER OR FACE DESTRUCTION: Allies Issue Ultimatum to Japan	On July 26, 1945, the United States, Britain, and China issued the Potsdam Declaration demanding Japan's unconditional surrender or face prompt and utter destruction.	World War II	Potsdam Declaration
07-27	1953	tdih-07-27-01	Korean War Armistice Signed	CEASEFIRE: Korean War Ends After Three Years and Five Million Dead	On July 27, 1953, the Korean War armistice was signed at Panmunjom, ending three years of fighting that killed approximately five million people.	Cold War	Korean Armistice Agreement
07-28	1914	tdih-07-28-01	World War I Begins	THE GREAT WAR: Austria-Hungary Declares War on Serbia, Starting World War I	On July 28, 1914, Austria-Hungary declared war on Serbia, triggering a chain of alliances that pulled the world into the deadliest conflict it had ever seen.	World War I Era	World War I
07-29	1890	tdih-07-29-01	Death of Vincent van Gogh	TORTURED GENIUS: Vincent van Gogh Dies from Self-Inflicted Gunshot at Age 37	On July 29, 1890, Vincent van Gogh died in Auvers-sur-Oise, France, two days after shooting himself; he had sold only one painting during his lifetime.	Victorian Era	Vincent van Gogh
07-30	1619	tdih-07-30-01	First Representative Assembly in America	DEMOCRACY IN THE NEW WORLD: Virginia House of Burgesses Holds First Meeting	On July 30, 1619, the Virginia House of Burgesses convened in Jamestown, becoming the first representative legislative assembly in the Americas.	17th Century	House of Burgesses
07-31	1588	tdih-07-31-01	Spanish Armada Spotted	ARMADA SIGHTED: English Lookouts Spot the Spanish Armada Approaching the Channel	On July 31, 1588, the Spanish Armada was spotted off the coast of England, beginning the naval battle that would determine the fate of Protestant Europe.	16th Century	Spanish Armada
08-01	1291	tdih-08-01-01	Swiss Confederation Founded	ALPINE ALLIANCE: Three Forest Cantons Unite to Form the Swiss Confederation	On August 1, 1291, three Swiss cantons signed the Federal Charter, founding the Swiss Confederation that would endure for over 700 years.	Medieval	Swiss Confederation
08-02	1934	tdih-08-02-01	Hitler Becomes Fuhrer	ABSOLUTE POWER: Hitler Merges Chancellor and President Roles to Become Fuhrer	On August 2, 1934, Adolf Hitler merged the offices of chancellor and president following Hindenburg's death, becoming Fuhrer with absolute power.	Great Depression	Adolf Hitler
08-03	1492	tdih-08-03-01	Columbus Sets Sail	WESTWARD HO: Columbus Departs Spain with Three Ships Seeking a Route to Asia	On August 3, 1492, Christopher Columbus departed from Palos de la Frontera, Spain with three ships, beginning the voyage that would reach the Americas.	Renaissance	Voyages of Christopher Columbus
08-04	1914	tdih-08-04-01	Britain Enters World War I	EMPIRE AT WAR: Britain Declares War on Germany After Invasion of Belgium	On August 4, 1914, Britain declared war on Germany after German troops invaded neutral Belgium, bringing the British Empire into World War I.	World War I Era	United Kingdom in World War I
08-05	1858	tdih-08-05-01	First Transatlantic Telegraph Cable Completed	OCEANS CONNECTED: First Telegraph Cable Links Europe and America	On August 5, 1858, the first transatlantic telegraph cable was completed between Newfoundland and Ireland, allowing messages between continents in minutes.	Victorian Era	Transatlantic telegraph cable
08-06	1945	tdih-08-06-01	Atomic Bombing of Hiroshima	ATOMIC FIRE: United States Drops Nuclear Bomb on Hiroshima, Killing 80,000 Instantly	On August 6, 1945, the United States dropped the atomic bomb Little Boy on Hiroshima, Japan, killing approximately 80,000 people instantly and changing warfare forever.	World War II	Atomic bombings of Hiroshima and Nagasaki
08-07	1942	tdih-08-07-01	Battle of Guadalcanal Begins	ISLAND ASSAULT: US Marines Land on Guadalcanal in First Major Allied Offensive in Pacific	On August 7, 1942, US Marines landed on Guadalcanal, beginning the first major Allied offensive in the Pacific Theater of World War II.	World War II	Guadalcanal campaign
08-08	1974	tdih-08-08-01	Nixon Announces Resignation	I SHALL RESIGN: Nixon Becomes First US President to Resign from Office	On August 8, 1974, President Richard Nixon announced he would resign the presidency the next day, the first president in US history to do so.	Watergate Era	Resignation of Richard Nixon
08-09	1945	tdih-08-09-01	Atomic Bombing of Nagasaki	SECOND BOMB: United States Drops Atomic Bomb on Nagasaki	On August 9, 1945, the United States dropped the atomic bomb Fat Man on Nagasaki, killing approximately 40,000 people. Japan surrendered six days later.	World War II	Atomic bombings of Hiroshima and Nagasaki
08-10	1792	tdih-08-10-01	Storming of the Tuileries	KING OVERTHROWN: Revolutionary Mob Storms Tuileries Palace, Ending French Monarchy	On August 10, 1792, a revolutionary mob stormed the Tuileries Palace in Paris, effectively ending the French monarchy and leading to the execution of Louis XVI.	18th Century	Insurrection of 10 August 1792
08-11	3114	tdih-08-11-01	Maya Calendar Start Date	TIME BEGINS: The Maya Long Count Calendar's Creation Date	According to the Maya Long Count calendar, the current creation era began on August 11, 3114 BC, a date of profound significance in Mesoamerican cosmology.	Ancient World	Mesoamerican Long Count calendar
08-12	30	tdih-08-12-01	Cleopatra Dies	LAST PHARAOH: Cleopatra VII Takes Her Own Life as Rome Conquers Egypt	On August 12, 30 BC, Cleopatra VII, the last active ruler of the Ptolemaic Kingdom of Egypt, died by suicide as Octavian's Roman forces conquered Egypt.	Ancient World	Cleopatra
08-13	1521	tdih-08-13-01	Cortes Captures Tenochtitlan	AZTEC EMPIRE FALLS: Spanish Conquer Tenochtitlan After 80-Day Siege	On August 13, 1521, Hernan Cortes and his native allies captured Tenochtitlan, the Aztec capital, ending the Aztec Empire after an 80-day siege.	16th Century	Fall of Tenochtitlan
08-14	1945	tdih-08-14-01	Japan Announces Surrender	WAR IS OVER: Emperor Hirohito Announces Japan's Surrender in Radio Broadcast	On August 14, 1945, Emperor Hirohito announced Japan's unconditional surrender via radio broadcast, ending World War II.	World War II	Surrender of Japan
08-15	1947	tdih-08-15-01	Indian Independence	FREEDOM AT MIDNIGHT: India Gains Independence from British Rule	On August 15, 1947, India gained independence from the British Empire, though the joy was tempered by the violent partition that created Pakistan.	Post-World War II	Indian independence movement
08-16	1977	tdih-08-16-01	Death of Elvis Presley	THE KING IS DEAD: Elvis Presley Dies at Graceland at Age 42	On August 16, 1977, Elvis Presley, the King of Rock and Roll, died at his Graceland mansion in Memphis, Tennessee at age 42.	1970s America	Elvis Presley
08-17	1945	tdih-08-17-01	Indonesian Independence Declared	MERDEKA: Sukarno Declares Indonesian Independence from the Netherlands	On August 17, 1945, Sukarno and Mohammad Hatta declared Indonesian independence, beginning the fight to establish the world's largest archipelagic state.	Post-World War II	Proclamation of Indonesian Independence
08-18	1920	tdih-08-18-01	19th Amendment Ratified	WOMEN WIN THE VOTE: 19th Amendment Ratified, Granting Suffrage to American Women	On August 18, 1920, the 19th Amendment was ratified, guaranteeing women the right to vote in the United States after 72 years of organized struggle.	Women's Suffrage	Nineteenth Amendment to the United States Constitution
08-19	1839	tdih-08-19-01	Daguerreotype Photography Announced	PHOTOGRAPHY BORN: French Government Unveils Daguerre's Photographic Process to the World	On August 19, 1839, the French government announced the daguerreotype process to the world, making photography publicly available for the first time.	Victorian Era	Daguerreotype
08-20	1968	tdih-08-20-01	Soviet Invasion of Czechoslovakia	PRAGUE SPRING CRUSHED: Soviet Tanks Roll Into Czechoslovakia to End Reforms	On August 20, 1968, Soviet and Warsaw Pact troops invaded Czechoslovakia, crushing the Prague Spring reform movement led by Alexander Dubcek.	Cold War	Warsaw Pact invasion of Czechoslovakia
08-21	1959	tdih-08-21-01	Hawaii Becomes 50th State	ALOHA STATE: Hawaii Admitted as the 50th State of the Union	On August 21, 1959, Hawaii was admitted as the 50th state of the United States, making it the most recent state to join the Union.	Cold War	Hawaii
08-22	1485	tdih-08-22-01	Battle of Bosworth Field	CROWN IN A THORN BUSH: Richard III Killed, Henry Tudor Becomes King	On August 22, 1485, Henry Tudor defeated Richard III at the Battle of Bosworth Field, ending the Wars of the Roses and founding the Tudor dynasty.	Medieval	Battle of Bosworth Field
08-23	1305	tdih-08-23-01	Execution of William Wallace	BRAVEHEART DIES: Scottish Hero William Wallace Executed in London	On August 23, 1305, Scottish independence leader William Wallace was hanged, drawn, and quartered in London for high treason against King Edward I.	Medieval	William Wallace
08-24	79	tdih-08-24-01	Eruption of Mount Vesuvius	CITY BURIED: Vesuvius Erupts, Entombing Pompeii Under Twenty Feet of Ash	On August 24, 79 AD, Mount Vesuvius erupted catastrophically, burying the Roman cities of Pompeii and Herculaneum and preserving them for nearly 2,000 years.	Ancient World	Eruption of Mount Vesuvius in 79 AD
08-25	1944	tdih-08-25-01	Liberation of Paris	PARIS IS FREE: Allied Forces Enter Paris After Four Years of Nazi Occupation	On August 25, 1944, Allied forces and the French Resistance liberated Paris from four years of German occupation as crowds filled the Champs-Elysees.	World War II	Liberation of Paris
08-26	1789	tdih-08-26-01	Declaration of Rights of Man Adopted	RIGHTS PROCLAIMED: French Assembly Adopts Declaration of the Rights of Man and Citizen	On August 26, 1789, the French National Constituent Assembly adopted the Declaration of the Rights of Man, establishing fundamental rights for all citizens.	18th Century	Declaration of the Rights of Man and of the Citizen
08-27	1883	tdih-08-27-01	Krakatoa Erupts	HEARD AROUND THE WORLD: Krakatoa Volcano Explodes with Force of 13,000 Atomic Bombs	On August 27, 1883, the volcanic island of Krakatoa exploded, generating the loudest sound in recorded history and killing over 36,000 people.	Victorian Era	1883 eruption of Krakatoa
08-28	1963	tdih-08-28-01	I Have a Dream Speech	I HAVE A DREAM: Martin Luther King Jr. Delivers Legendary Speech at the Lincoln Memorial	On August 28, 1963, Martin Luther King Jr. delivered his I Have a Dream speech before 250,000 people at the March on Washington for Jobs and Freedom.	Civil Rights Era	I Have a Dream
08-29	2005	tdih-08-29-01	Hurricane Katrina Makes Landfall	CATEGORY 5: Hurricane Katrina Devastates New Orleans and Gulf Coast	On August 29, 2005, Hurricane Katrina made landfall near New Orleans, causing catastrophic flooding that killed over 1,800 people and displaced hundreds of thousands.	21st Century	Hurricane Katrina
08-30	1797	tdih-08-30-01	Birth of Mary Shelley	MOTHER OF SCIENCE FICTION BORN: Mary Shelley Born in London	On August 30, 1797, Mary Shelley was born in London; at age 18, she would write Frankenstein, creating the genre of science fiction.	18th Century	Mary Shelley
08-31	1997	tdih-08-31-01	Death of Princess Diana	PEOPLE'S PRINCESS: Princess Diana Dies in Paris Car Crash at Age 36	On August 31, 1997, Diana, Princess of Wales, died from injuries sustained in a car crash in the Pont de l'Alma tunnel in Paris at age 36.	21st Century	Death of Diana, Princess of Wales
09-01	1939	tdih-09-01-01	Germany Invades Poland	WORLD WAR II BEGINS: German Forces Storm Into Poland, Starting the Deadliest War in History	On September 1, 1939, German forces invaded Poland, prompting Britain and France to declare war and beginning World War II.	World War II	Invasion of Poland
09-02	1945	tdih-09-02-01	Japan Signs Surrender	V-J DAY: Japan Signs Formal Surrender Aboard USS Missouri, Ending World War II	On September 2, 1945, Japan signed the instrument of surrender aboard the USS Missouri in Tokyo Bay, formally ending World War II.	World War II	Surrender of Japan
09-03	1783	tdih-09-03-01	Treaty of Paris Ends American Revolution	INDEPENDENCE WON: Treaty of Paris Officially Ends the American Revolutionary War	On September 3, 1783, the Treaty of Paris was signed, with Britain formally recognizing American independence and ending the Revolutionary War.	18th Century	Treaty of Paris (1783)
09-04	476	tdih-09-04-01	Fall of the Western Roman Empire	ROME FALLS: Last Roman Emperor Deposed, Ending the Western Roman Empire	On September 4, 476 AD, Germanic chieftain Odoacer deposed Emperor Romulus Augustulus, ending the Western Roman Empire after nearly 500 years.	Ancient World	Fall of the Western Roman Empire
09-05	1972	tdih-09-05-01	Munich Olympics Massacre	TERROR AT THE GAMES: Palestinian Terrorists Take Israeli Athletes Hostage at Munich Olympics	On September 5, 1972, Palestinian terrorists from the Black September group took 11 Israeli Olympic team members hostage at the Munich Olympics; all hostages were killed.	1970s America	Munich massacre
09-06	1901	tdih-09-06-01	McKinley Assassination	PRESIDENT SHOT: Anarchist Shoots President McKinley at Buffalo Exposition	On September 6, 1901, President William McKinley was shot by anarchist Leon Czolgosz at the Pan-American Exposition in Buffalo; McKinley died eight days later.	Turn of the Century	Assassination of William McKinley
09-07	1812	tdih-09-07-01	Battle of Borodino	BLOODIEST DAY: Napoleon and Russia Clash at Borodino in the Deadliest Single-Day Battle in History	On September 7, 1812, Napoleon's Grande Armee fought the Russian army at Borodino, with 70,000 casualties making it the bloodiest single-day battle to that point.	19th Century	Battle of Borodino
09-08	1966	tdih-09-08-01	Star Trek Premieres	TO BOLDLY GO: Star Trek Premieres on NBC Television	On September 8, 1966, Star Trek premiered on NBC, beginning a franchise that would inspire generations of scientists, engineers, and dreamers.	1960s America	Star Trek: The Original Series
09-09	1776	tdih-09-09-01	Congress Officially Names United States	UNITED STATES: Continental Congress Officially Adopts the Name United States of America	On September 9, 1776, the Continental Congress officially changed the name of the nation from the United Colonies to the United States of America.	18th Century	United States
09-10	1897	tdih-09-10-01	First Drunk Driving Arrest	PULLED OVER: London Cab Driver Becomes First Person Arrested for Drunk Driving	On September 10, 1897, George Smith, a London taxi driver, became the first person ever arrested for drunk driving after crashing into a building.	Victorian Era	Drunk driving
09-11	2001	tdih-09-11-01	September 11 Terrorist Attacks	AMERICA UNDER ATTACK: Hijacked Planes Strike World Trade Center and Pentagon	On September 11, 2001, terrorists hijacked four airliners, crashing two into the World Trade Center and one into the Pentagon, killing 2,977 people.	21st Century	September 11 attacks
09-12	1940	tdih-09-12-01	Lascaux Cave Paintings Discovered	PREHISTORIC ART: French Teenagers Discover 17,000-Year-Old Cave Paintings	On September 12, 1940, four teenagers exploring a cave near Lascaux, France, discovered prehistoric paintings estimated to be 17,000 years old.	World War II	Lascaux
09-13	1759	tdih-09-13-01	Battle of the Plains of Abraham	QUEBEC FALLS: British Defeat French on the Plains of Abraham, Deciding North America's Fate	On September 13, 1759, British forces defeated the French at the Battle of the Plains of Abraham, determining that Canada would become British.	18th Century	Battle of the Plains of Abraham
09-14	1812	tdih-09-14-01	Napoleon Enters Moscow	EMPTY VICTORY: Napoleon Enters Moscow Only to Find It Abandoned and Burning	On September 14, 1812, Napoleon's army entered Moscow to find it largely deserted and soon engulfed in flames, dooming his Russian campaign.	19th Century	French invasion of Russia
09-15	1916	tdih-09-15-01	First Use of Tanks in Battle	IRON MONSTERS: British Deploy Tanks for First Time at the Battle of the Somme	On September 15, 1916, the British Army used tanks for the first time in combat during the Battle of the Somme, introducing a weapon that would transform warfare.	World War I Era	Tanks in World War I
09-16	1810	tdih-09-16-01	Mexican Independence Day	GRITO DE DOLORES: Father Hidalgo's Cry Launches Mexican War of Independence	On September 16, 1810, Father Miguel Hidalgo issued the Grito de Dolores, calling Mexicans to revolt against Spanish rule and beginning the Mexican War of Independence.	19th Century	Grito de Dolores
09-17	1787	tdih-09-17-01	US Constitution Signed	WE THE PEOPLE: Delegates Sign the United States Constitution in Philadelphia	On September 17, 1787, delegates to the Constitutional Convention signed the United States Constitution in Philadelphia, creating the framework for American government.	18th Century	United States Constitution
09-18	1851	tdih-09-18-01	New York Times First Published	ALL THE NEWS: The New York Times Publishes Its First Edition	On September 18, 1851, The New York Times published its first edition, beginning its journey to become one of the world's most influential newspapers.	Victorian Era	The New York Times
09-19	1796	tdih-09-19-01	Washington's Farewell Address Published	FAREWELL: President Washington's Final Address Warns Against Political Parties and Foreign Entanglements	On September 19, 1796, President George Washington's Farewell Address was published, warning against political factions and foreign alliances.	18th Century	George Washington's Farewell Address
09-20	1519	tdih-09-20-01	Magellan Sets Sail	AROUND THE WORLD: Ferdinand Magellan Departs Spain to Circumnavigate the Globe	On September 20, 1519, Ferdinand Magellan departed from Sanlucar de Barrameda, Spain with five ships, beginning the first circumnavigation of the Earth.	Renaissance	Magellan expedition
09-21	1937	tdih-09-21-01	The Hobbit Published	THERE AND BACK AGAIN: J.R.R. Tolkien Publishes The Hobbit	On September 21, 1937, J.R.R. Tolkien's The Hobbit was published, introducing readers to Middle-earth and beginning one of literature's greatest fantasy sagas.	Great Depression	The Hobbit
09-22	1862	tdih-09-22-01	Emancipation Proclamation Announced	FREEDOM PROCLAIMED: Lincoln Announces Emancipation Proclamation After Antietam Victory	On September 22, 1862, President Lincoln issued the preliminary Emancipation Proclamation, declaring that enslaved people in rebel states would be free on January 1.	Civil War	Emancipation Proclamation
09-23	63	tdih-09-23-01	Birth of Augustus	FIRST EMPEROR BORN: Future Emperor Augustus Born in Rome	On September 23, 63 BC, Gaius Octavius was born in Rome; he would become Augustus, the first Roman emperor and founder of a dynasty that ruled for over a century.	Ancient World	Augustus
09-24	1789	tdih-09-24-01	Federal Judiciary Established	JUSTICE BEGINS: Congress Passes Judiciary Act Creating Federal Court System	On September 24, 1789, Congress passed the Judiciary Act, establishing the federal court system and the office of Attorney General.	18th Century	Judiciary Act of 1789
09-25	1513	tdih-09-25-01	Balboa Reaches the Pacific Ocean	NEW OCEAN: Balboa Becomes First European to See the Pacific from the Americas	On September 25, 1513, Spanish explorer Vasco Nunez de Balboa crossed the Isthmus of Panama and became the first European to see the Pacific Ocean from the Americas.	Renaissance	Vasco Núñez de Balboa
09-26	1580	tdih-09-26-01	Drake Completes Circumnavigation	AROUND THE WORLD: Sir Francis Drake Returns to England After Sailing Around the Globe	On September 26, 1580, Sir Francis Drake completed his circumnavigation of the globe, returning to Plymouth with a ship full of Spanish treasure.	16th Century	Francis Drake
09-27	1905	tdih-09-27-01	Einstein Publishes E=mc2	ENERGY EQUALS: Einstein Publishes Paper Introducing the World's Most Famous Equation	On September 27, 1905, Albert Einstein published the paper containing E=mc2, establishing the relationship between mass and energy.	Turn of the Century	Mass–energy equivalence
09-28	1928	tdih-09-28-01	Penicillin Discovered	MOLD MIRACLE: Alexander Fleming Discovers Penicillin, Launching the Antibiotic Age	On September 28, 1928, Alexander Fleming noticed that mold on a petri dish had killed surrounding bacteria, discovering penicillin and launching the antibiotic revolution.	Roaring Twenties	Penicillin
09-29	1829	tdih-09-29-01	Metropolitan Police Founded	BOBBIES ON THE BEAT: Sir Robert Peel Creates London's Metropolitan Police	On September 29, 1829, the Metropolitan Police Service began operating in London, creating the model for modern professional police forces worldwide.	19th Century	Metropolitan Police
09-30	1955	tdih-09-30-01	James Dean Dies	REBEL WITHOUT A CAUSE: Actor James Dean Killed in Car Crash at Age 24	On September 30, 1955, actor James Dean was killed in a car accident in California at age 24, becoming an enduring symbol of youthful rebellion.	Post-World War II	James Dean
10-01	1949	tdih-10-01-01	People's Republic of China Founded	RED CHINA: Mao Zedong Proclaims the People's Republic of China	On October 1, 1949, Mao Zedong proclaimed the founding of the People's Republic of China from Tiananmen Gate, completing the communist revolution.	Cold War	Chinese Communist Revolution
10-02	1869	tdih-10-02-01	Birth of Mahatma Gandhi	GREAT SOUL BORN: Mohandas Karamchand Gandhi Born in Porbandar, India	On October 2, 1869, Mahatma Gandhi was born in Porbandar, India; he would lead India to independence through nonviolent resistance.	Victorian Era	Mahatma Gandhi
10-03	1990	tdih-10-03-01	German Reunification	ONE GERMANY: East and West Germany Officially Reunite After 45 Years	On October 3, 1990, the German Democratic Republic officially joined the Federal Republic of Germany, reunifying the country after 45 years of division.	Peace & Cooperation	German reunification
10-04	1957	tdih-10-04-01	Sputnik Launched	BEEP BEEP: Soviet Union Launches Sputnik, the First Artificial Satellite	On October 4, 1957, the Soviet Union launched Sputnik 1, the first artificial satellite, shocking the world and igniting the Space Race.	Space Age	Sputnik 1
10-05	1789	tdih-10-05-01	Women's March on Versailles	BREAD AND FURY: Parisian Women March to Versailles and Force Royal Family to Paris	On October 5, 1789, thousands of Parisian women marched to Versailles demanding bread, forcing King Louis XVI and the royal family to return to Paris.	18th Century	Women's March on Versailles
10-06	1927	tdih-10-06-01	The Jazz Singer Premieres	TALKIES ARRIVE: First Feature-Length Talking Picture Premieres in New York	On October 6, 1927, The Jazz Singer premiered in New York City, becoming the first feature-length motion picture with synchronized dialogue and ushering in the era of talkies.	Roaring Twenties	The Jazz Singer
10-07	1571	tdih-10-07-01	Battle of Lepanto	OTTOMAN NAVY DESTROYED: Christian Fleet Crushes Ottoman Navy at Lepanto	On October 7, 1571, a Christian coalition fleet decisively defeated the Ottoman navy at the Battle of Lepanto, the last major battle between galley fleets.	16th Century	Battle of Lepanto
10-08	1871	tdih-10-08-01	Great Chicago Fire	CITY IN FLAMES: Great Fire Destroys Much of Chicago, Killing 300 and Leaving 100,000 Homeless	On October 8, 1871, the Great Chicago Fire began, burning for two days and destroying 17,500 buildings across 3.3 square miles of the city.	Victorian Era	Great Chicago Fire
10-09	1967	tdih-10-09-01	Che Guevara Executed	REVOLUTIONARY KILLED: Che Guevara Captured and Executed in Bolivia	On October 9, 1967, Argentine revolutionary Che Guevara was captured and executed by the Bolivian army with CIA assistance.	Cold War	Che Guevara
10-10	1911	tdih-10-10-01	Wuchang Uprising Begins Chinese Revolution	DYNASTY FALLS: Wuchang Uprising Begins the Revolution That Ends 2,000 Years of Imperial China	On October 10, 1911, the Wuchang Uprising began the Xinhai Revolution that would overthrow the Qing Dynasty and end over 2,000 years of imperial rule in China.	Early 20th Century	Wuchang Uprising
10-11	1962	tdih-10-11-01	Vatican II Opens	CHURCH MODERNIZES: Pope John XXIII Opens the Second Vatican Council	On October 11, 1962, Pope John XXIII opened the Second Vatican Council, launching the most significant reform of the Catholic Church in 400 years.	Cold War	Second Vatican Council
10-12	1492	tdih-10-12-01	Columbus Reaches the Americas	NEW WORLD: Columbus Makes Landfall in the Bahamas	On October 12, 1492, Christopher Columbus made landfall on an island in the Bahamas, initiating sustained European contact with the Americas.	Renaissance	Voyages of Christopher Columbus
10-13	-54	tdih-10-13-01	Nero Becomes Roman Emperor	BOY EMPEROR: 16-Year-Old Nero Ascends to the Roman Imperial Throne	On October 13, 54 AD, 16-year-old Nero became Roman Emperor following the death of Claudius, beginning a reign that would end in infamy.	Ancient World	Nero
10-14	1066	tdih-10-14-01	Battle of Hastings	CONQUEST: William the Conqueror Defeats Harold II at the Battle of Hastings	On October 14, 1066, William of Normandy defeated King Harold II at the Battle of Hastings, conquering England and changing the course of British history.	Medieval	Battle of Hastings
10-15	1917	tdih-10-15-01	Mata Hari Executed	SPY SHOT: Dutch Exotic Dancer Mata Hari Executed by French Firing Squad for Espionage	On October 15, 1917, Mata Hari was executed by firing squad in Paris after being convicted of spying for Germany during World War I.	World War I Era	Mata Hari
10-16	1793	tdih-10-16-01	Marie Antoinette Executed	LET THEM EAT CAKE: Queen Marie Antoinette Executed by Guillotine in Paris	On October 16, 1793, Marie Antoinette, former Queen of France, was executed by guillotine in Paris during the Reign of Terror.	18th Century	Marie Antoinette
10-17	1781	tdih-10-17-01	British Surrender at Yorktown	WORLD TURNED UPSIDE DOWN: Cornwallis Surrenders at Yorktown, Ending the Revolutionary War	On October 17, 1781, British General Cornwallis began surrender negotiations at Yorktown, effectively ending the American Revolutionary War.	18th Century	Siege of Yorktown
10-18	1867	tdih-10-18-01	Alaska Transfer Ceremony	STARS AND STRIPES OVER ALASKA: United States Takes Formal Possession of Alaska from Russia	On October 18, 1867, the United States formally took possession of Alaska from Russia in a flag-raising ceremony at Sitka.	Victorian Era	Alaska Purchase
10-19	1781	tdih-10-19-01	Surrender at Yorktown	FREEDOM WON: British Forces Formally Surrender at Yorktown	On October 19, 1781, British forces formally surrendered at Yorktown, Virginia, ending the last major battle of the American Revolution.	18th Century	Siege of Yorktown
10-20	1973	tdih-10-20-01	Sydney Opera House Opens	ARCHITECTURAL MARVEL: Queen Elizabeth II Opens the Sydney Opera House	On October 20, 1973, Queen Elizabeth II formally opened the Sydney Opera House, one of the most iconic buildings of the 20th century.	1970s America	Sydney Opera House
10-21	1805	tdih-10-21-01	Battle of Trafalgar	NELSON TRIUMPHS AND DIES: British Navy Destroys Franco-Spanish Fleet at Trafalgar	On October 21, 1805, Admiral Nelson's British fleet destroyed the combined Franco-Spanish fleet at Trafalgar, securing British naval supremacy but costing Nelson his life.	19th Century	Battle of Trafalgar
10-22	1962	tdih-10-22-01	Cuban Missile Crisis Announced	MISSILES IN CUBA: Kennedy Addresses the Nation on Soviet Nuclear Weapons 90 Miles from Florida	On October 22, 1962, President Kennedy revealed Soviet nuclear missiles in Cuba, bringing the world closer to nuclear war than ever before.	Cold War	Cuban Missile Crisis
10-23	4004	tdih-10-23-01	Ussher's Date of Creation	IN THE BEGINNING: Archbishop Ussher's Calculated Creation Date	According to Archbishop James Ussher's 17th-century calculations, God created the heavens and the earth on the evening of October 23, 4004 BC.	Ancient World	Ussher chronology
10-24	1945	tdih-10-24-01	United Nations Officially Established	WORLD BODY: United Nations Charter Enters Into Force	On October 24, 1945, the United Nations officially came into existence when its Charter was ratified by the five permanent Security Council members.	Post-World War II	United Nations
10-25	1854	tdih-10-25-01	Charge of the Light Brigade	INTO THE VALLEY OF DEATH: Light Brigade Charges Russian Guns at Balaclava	On October 25, 1854, the British Light Brigade charged Russian artillery positions at Balaclava during the Crimean War in one of history's most famous military blunders.	Victorian Era	Charge of the Light Brigade
10-26	1881	tdih-10-26-01	Gunfight at the O.K. Corral	SHOWDOWN IN TOMBSTONE: Wyatt Earp and Doc Holliday Face Off at the O.K. Corral	On October 26, 1881, Wyatt Earp, his brothers, and Doc Holliday fought the Clantons at the O.K. Corral in Tombstone, the most famous gunfight in the American West.	Victorian Era	Gunfight at the O.K. Corral
10-27	1904	tdih-10-27-01	New York Subway Opens	ALL ABOARD UNDERGROUND: New York City's First Subway Line Opens	On October 27, 1904, New York City's first subway line opened, carrying 150,000 passengers on its first day and transforming urban transportation.	Turn of the Century	New York City Subway
10-28	1886	tdih-10-28-01	Statue of Liberty Dedicated	LIBERTY ENLIGHTENING THE WORLD: Statue of Liberty Dedicated on Bedloe's Island	On October 28, 1886, President Cleveland dedicated the Statue of Liberty, a gift from France, on Bedloe's Island in New York Harbor.	Victorian Era	Statue of Liberty
10-29	1929	tdih-10-29-01	Black Tuesday Stock Market Crash	MARKETS COLLAPSE: Wall Street Crashes on Black Tuesday, Triggering the Great Depression	On October 29, 1929, the stock market crashed on Black Tuesday, with 16 million shares traded in panic selling that helped trigger the Great Depression.	Great Depression	Wall Street Crash of 1929
10-30	1938	tdih-10-30-01	War of the Worlds Broadcast	PANIC: Orson Welles' War of the Worlds Radio Broadcast Causes Mass Hysteria	On October 30, 1938, Orson Welles broadcast a realistic radio adaptation of War of the Worlds, reportedly causing widespread panic among listeners.	Great Depression	The War of the Worlds (1938 radio drama)
10-31	1517	tdih-10-31-01	Martin Luther Posts 95 Theses	REFORMATION BEGINS: Luther Nails 95 Theses to Church Door in Wittenberg	On October 31, 1517, Martin Luther posted his 95 Theses on the door of All Saints' Church in Wittenberg, challenging papal authority and sparking the Protestant Reformation.	Renaissance	Ninety-five Theses
11-01	1755	tdih-11-01-01	Lisbon Earthquake	CITY DESTROYED: Massive Earthquake, Tsunami, and Fire Devastate Lisbon, Killing 40,000	On November 1, 1755, a massive earthquake struck Lisbon, Portugal, followed by a tsunami and fires that killed approximately 40,000 people and challenged Enlightenment optimism.	18th Century	1755 Lisbon earthquake
11-02	1930	tdih-11-02-01	Haile Selassie Crowned	KING OF KINGS: Haile Selassie Crowned Emperor of Ethiopia	On November 2, 1930, Haile Selassie was crowned Emperor of Ethiopia, becoming the figure revered by the Rastafari movement as the returned Messiah.	Great Depression	Haile Selassie
11-03	1957	tdih-11-03-01	Laika the Dog Launched into Space	SPACE DOG: Soviet Union Launches Laika, First Living Creature to Orbit Earth	On November 3, 1957, the Soviet Union launched Sputnik 2 carrying Laika, a stray dog from Moscow who became the first living creature to orbit Earth.	Space Age	Laika
11-04	1922	tdih-11-04-01	Tutankhamun's Tomb Entrance Found	TOMB FOUND: Howard Carter Discovers the Entrance to Tutankhamun's Tomb	On November 4, 1922, Howard Carter's team discovered the entrance to the tomb of Pharaoh Tutankhamun in the Valley of the Kings.	Roaring Twenties	Tomb of Tutankhamun
11-05	1605	tdih-11-05-01	Gunpowder Plot Discovered	REMEMBER REMEMBER: Guy Fawkes Caught with 36 Barrels of Gunpowder Beneath Parliament	On November 5, 1605, Guy Fawkes was discovered guarding 36 barrels of gunpowder beneath Parliament, foiling a plot to kill King James I.	17th Century	Gunpowder Plot
11-06	1860	tdih-11-06-01	Abraham Lincoln Elected President	RAIL-SPLITTER WINS: Abraham Lincoln Elected 16th President of the United States	On November 6, 1860, Abraham Lincoln was elected the 16th President, triggering the secession of Southern states and the onset of the Civil War.	Civil War	Abraham Lincoln
11-07	1917	tdih-11-07-01	Bolshevik Revolution	RED OCTOBER: Bolsheviks Storm the Winter Palace and Seize Power in Russia	On November 7, 1917, Bolshevik forces stormed the Winter Palace in Petrograd, overthrowing the Provisional Government and establishing communist rule.	World War I Era	October Revolution
11-08	1895	tdih-11-08-01	Rontgen Discovers X-Rays	SEEING THROUGH: Wilhelm Rontgen Discovers X-Rays While Experimenting with Cathode Tubes	On November 8, 1895, Wilhelm Rontgen discovered X-rays, producing the first image of his wife's hand and revolutionizing medicine.	Victorian Era	Wilhelm Röntgen
11-09	1989	tdih-11-09-01	Fall of the Berlin Wall	THE WALL COMES DOWN: East Germany Opens the Berlin Wall After 28 Years	On November 9, 1989, the East German government opened the Berlin Wall, and jubilant crowds began tearing it down, symbolizing the end of the Cold War.	Cold War	Fall of the Berlin Wall
11-10	1871	tdih-11-10-01	Stanley Finds Livingstone	DR. LIVINGSTONE I PRESUME: Henry Morton Stanley Finds Missing Explorer in Africa	On November 10, 1871, journalist Henry Morton Stanley found missing explorer David Livingstone in Ujiji, Tanzania, greeting him with the famous phrase.	Victorian Era	David Livingstone
11-11	1918	tdih-11-11-01	Armistice Day	THE GUNS FALL SILENT: World War I Ends as Germany Signs Armistice at 11:00 AM	On November 11, 1918, at 11:00 AM, the guns fell silent across the Western Front as Germany signed an armistice ending World War I after four years and 20 million deaths.	World War I Era	Armistice of 11 November 1918
11-12	1948	tdih-11-12-01	Tokyo War Crimes Sentences	JUSTICE RENDERED: Tokyo Tribunal Sentences Japanese War Leaders	On November 12, 1948, the International Military Tribunal for the Far East sentenced former Japanese Prime Minister Tojo and six others to death for war crimes.	Post-World War II	International Military Tribunal for the Far East
11-13	1985	tdih-11-13-01	Nevado del Ruiz Eruption	BURIED IN MUD: Colombian Volcano Buries Town of Armero, Killing 23,000	On November 13, 1985, the Nevado del Ruiz volcano erupted in Colombia, triggering mudflows that buried the town of Armero and killed approximately 23,000 people.	Science & Discovery	Armero tragedy
11-14	1889	tdih-11-14-01	Nellie Bly Begins Trip Around the World	GLOBE-TROTTER: Journalist Nellie Bly Sets Out to Circle the World in Less Than 80 Days	On November 14, 1889, journalist Nellie Bly departed New York to travel around the world in under 80 days, completing the trip in just 72 days.	Victorian Era	Nellie Bly
11-15	1920	tdih-11-15-01	League of Nations First Assembly	WORLD PARLIAMENT: League of Nations Holds Its First General Assembly in Geneva	On November 15, 1920, the League of Nations held its first general assembly in Geneva with 41 member nations, the first attempt at global governance.	Early 20th Century	League of Nations
11-16	1945	tdih-11-16-01	UNESCO Founded	LEARNING FOR PEACE: United Nations Establishes UNESCO to Promote Education and Culture	On November 16, 1945, the United Nations Educational, Scientific and Cultural Organization was founded to promote peace through education, science, and culture.	Post-World War II	UNESCO
11-17	1869	tdih-11-17-01	Suez Canal Opens	EAST MEETS WEST: Suez Canal Opens, Connecting Mediterranean and Red Seas	On November 17, 1869, the Suez Canal officially opened, connecting the Mediterranean Sea to the Red Sea and dramatically shortening trade routes.	Victorian Era	Suez Canal
11-18	1626	tdih-11-18-01	St. Peter's Basilica Consecrated	GREATEST CHURCH: Pope Urban VIII Consecrates St. Peter's Basilica After 120 Years	On November 18, 1626, Pope Urban VIII consecrated St. Peter's Basilica in Rome after 120 years of construction, creating the world's largest church.	17th Century	St. Peter's Basilica
11-19	1863	tdih-11-19-01	Gettysburg Address	FOUR SCORE AND SEVEN: Lincoln Delivers the Gettysburg Address in 272 Words	On November 19, 1863, President Lincoln delivered the Gettysburg Address, redefining the Civil War as a struggle for equality in just 272 words.	Civil War	Gettysburg Address
11-20	1945	tdih-11-20-01	Nuremberg Trials Begin	JUSTICE AT NUREMBERG: International Tribunal Begins Trial of Nazi War Criminals	On November 20, 1945, the International Military Tribunal began the trial of 24 major Nazi war criminals at the Palace of Justice in Nuremberg.	Post-World War II	Nuremberg trials
11-21	1783	tdih-11-21-01	First Manned Balloon Flight	MAN TAKES FLIGHT: Montgolfier Hot Air Balloon Carries Two Men Over Paris	On November 21, 1783, Pilatre de Rozier and the Marquis d'Arlandes made the first manned free flight in a Montgolfier hot air balloon over Paris.	18th Century	Montgolfier brothers
11-22	1963	tdih-11-22-01	Assassination of JFK	PRESIDENT KILLED: John F. Kennedy Assassinated in Dallas	On November 22, 1963, President John F. Kennedy was assassinated while riding in a motorcade through Dealey Plaza in Dallas, Texas.	1960s America	Assassination of John F. Kennedy
11-23	1963	tdih-11-23-01	First Doctor Who Episode	WHO IS THE DOCTOR: BBC Broadcasts First Episode of Doctor Who	On November 23, 1963, the BBC broadcast the first episode of Doctor Who, beginning the longest-running science fiction television series in history.	1960s America	Doctor Who
11-24	1859	tdih-11-24-01	On the Origin of Species Published	EVOLUTION: Charles Darwin Publishes On the Origin of Species	On November 24, 1859, Charles Darwin published On the Origin of Species, presenting the theory of evolution by natural selection and revolutionizing biology.	Victorian Era	On the Origin of Species
11-25	1952	tdih-11-25-01	The Mousetrap Opens in London	LONGEST RUN: Agatha Christie's The Mousetrap Opens, Beginning the Longest-Running Show in History	On November 25, 1952, Agatha Christie's The Mousetrap opened in London, beginning a run that would make it the longest-running show in theater history.	Post-World War II	The Mousetrap
11-26	1922	tdih-11-26-01	Howard Carter Opens Tutankhamun's Tomb	WONDERFUL THINGS: Carter Peers Into Tutankhamun's Tomb and Sees Gold Everywhere	On November 26, 1922, Howard Carter made a small hole in the doorway to Tutankhamun's tomb and peered in, seeing wonderful things glittering in the candlelight.	Roaring Twenties	Tomb of Tutankhamun
11-27	1095	tdih-11-27-01	Pope Urban II Calls First Crusade	DEUS VULT: Pope Calls on Christendom to Reclaim the Holy Land	On November 27, 1095, Pope Urban II called for the First Crusade at the Council of Clermont, urging Christian Europe to reclaim Jerusalem from Muslim control.	Medieval	Council of Clermont
11-28	1520	tdih-11-28-01	Magellan Enters the Pacific Ocean	PEACEFUL SEA: Magellan Emerges from Treacherous Strait Into Vast Pacific Ocean	On November 28, 1520, Ferdinand Magellan sailed from the strait bearing his name into the Pacific Ocean, which he named for its apparent peacefulness.	Renaissance	Strait of Magellan
11-29	1947	tdih-11-29-01	UN Votes to Partition Palestine	TWO STATES: United Nations Votes to Partition Palestine Into Jewish and Arab States	On November 29, 1947, the United Nations General Assembly voted to partition Palestine into separate Jewish and Arab states, setting the stage for Israel's creation.	Post-World War II	United Nations Partition Plan for Palestine
11-30	1872	tdih-11-30-01	First International Football Match	BEAUTIFUL GAME: Scotland and England Play the First Official International Football Match	On November 30, 1872, Scotland and England played the first official international football match at Hamilton Crescent in Glasgow, ending in a 0-0 draw.	Victorian Era	Scotland v England (1872)
12-01	1955	tdih-12-01-01	Rosa Parks Refuses to Give Up Her Seat	NO, I WON'T MOVE: Rosa Parks Refuses to Surrender Bus Seat, Sparking Montgomery Boycott	On December 1, 1955, Rosa Parks refused to give up her seat to a white passenger on a Montgomery, Alabama bus, sparking the Montgomery Bus Boycott.	Civil Rights Era	Rosa Parks
12-02	1804	tdih-12-02-01	Napoleon Crowns Himself Emperor	SELF-CROWNED: Napoleon Takes the Crown from the Pope and Places It on His Own Head	On December 2, 1804, Napoleon Bonaparte crowned himself Emperor of France at Notre-Dame Cathedral, taking the crown from Pope Pius VII's hands.	18th Century	Coronation of Napoleon I
12-03	1984	tdih-12-03-01	Bhopal Gas Disaster	TOXIC CLOUD: Gas Leak at Union Carbide Plant Kills Thousands in Bhopal, India	On December 3, 1984, a toxic gas leak from a Union Carbide pesticide plant in Bhopal, India killed over 3,700 people immediately in the world's worst industrial disaster.	Science & Discovery	Bhopal disaster
12-04	1791	tdih-12-04-01	Observer Newspaper First Published	SUNDAY PAPER: The Observer Publishes Its First Edition, Becoming World's First Sunday Newspaper	On December 4, 1791, The Observer published its first edition in London, becoming the world's oldest Sunday newspaper still in publication.	18th Century	The Observer
12-05	1933	tdih-12-05-01	Prohibition Repealed	DRINKS FOR ALL: 21st Amendment Repeals Prohibition After 13 Years of the Noble Experiment	On December 5, 1933, the 21st Amendment was ratified, repealing Prohibition and ending 13 years of the constitutional ban on alcohol in the United States.	Great Depression	Twenty-first Amendment to the United States Constitution
12-06	1877	tdih-12-06-01	Washington Post First Published	EXTRA EXTRA: The Washington Post Publishes Its First Edition	On December 6, 1877, The Washington Post published its first edition, beginning a newspaper that would become famous for its investigative journalism.	Victorian Era	The Washington Post
12-07	1941	tdih-12-07-01	Attack on Pearl Harbor	DAY OF INFAMY: Japan Attacks Pearl Harbor, Drawing America Into World War II	On December 7, 1941, Japan launched a surprise attack on the US naval base at Pearl Harbor, killing 2,403 Americans and drawing the US into World War II.	World War II	Attack on Pearl Harbor
12-08	1941	tdih-12-08-01	US Declares War on Japan	DAY OF INFAMY SPEECH: FDR Asks Congress to Declare War Following Pearl Harbor Attack	On December 8, 1941, President Roosevelt addressed Congress, calling December 7 a date which will live in infamy, and Congress declared war on Japan.	World War II	Infamy Speech
12-09	1979	tdih-12-09-01	Smallpox Eradicated	DISEASE DEFEATED: World Health Organization Certifies the Global Eradication of Smallpox	On December 9, 1979, a commission of scientists certified the global eradication of smallpox, the first and only human disease to be completely eliminated.	Science & Discovery	Eradication of smallpox
12-10	1901	tdih-12-10-01	First Nobel Prizes Awarded	PRIZES FOR PEACE: First Nobel Prizes Awarded in Stockholm and Oslo	On December 10, 1901, the first Nobel Prizes were awarded in physics, chemistry, medicine, literature, and peace, fulfilling Alfred Nobel's will.	Turn of the Century	Nobel Prize
12-11	1946	tdih-12-11-01	UNICEF Established	FOR THE CHILDREN: United Nations Creates Fund for Children Devastated by War	On December 11, 1946, the United Nations International Children's Emergency Fund was established to provide aid to children affected by World War II.	Post-World War II	UNICEF
12-12	2015	tdih-12-12-01	Paris Climate Agreement Adopted	CLIMATE PACT: 196 Nations Adopt the Paris Agreement on Climate Change	On December 12, 2015, representatives from 196 countries adopted the Paris Agreement, committing to limit global warming to well below 2 degrees Celsius.	21st Century	Paris Agreement
12-13	1577	tdih-12-13-01	Drake Begins Circumnavigation	AROUND THE WORLD: Sir Francis Drake Departs Plymouth to Sail Around the Globe	On December 13, 1577, Sir Francis Drake departed Plymouth, England, beginning the voyage that would make him the first Englishman to circumnavigate the globe.	16th Century	Francis Drake
12-14	1911	tdih-12-14-01	Amundsen Reaches South Pole	SOUTH POLE CONQUERED: Roald Amundsen Becomes First Person to Reach the South Pole	On December 14, 1911, Norwegian explorer Roald Amundsen and his team became the first humans to reach the South Pole, beating Robert Scott by 34 days.	Early 20th Century	Amundsen's South Pole expedition
12-15	1791	tdih-12-15-01	Bill of Rights Ratified	RIGHTS GUARANTEED: First Ten Amendments to the Constitution Ratified	On December 15, 1791, the Bill of Rights — the first ten amendments to the US Constitution — was ratified, guaranteeing fundamental freedoms.	18th Century	United States Bill of Rights
12-16	1773	tdih-12-16-01	Boston Tea Party	TEA IN THE HARBOR: Colonists Dump 342 Chests of British Tea Into Boston Harbor	On December 16, 1773, American colonists disguised as Mohawk Indians dumped 342 chests of tea into Boston Harbor to protest British taxation.	18th Century	Boston Tea Party
12-17	1903	tdih-12-17-01	Wright Brothers First Flight	MAN FLIES: Wright Brothers Achieve First Powered, Sustained Flight at Kitty Hawk	On December 17, 1903, Orville Wright piloted the Wright Flyer for 12 seconds over the sand dunes of Kitty Hawk, achieving the first powered flight.	Turn of the Century	Wright brothers
12-18	1865	tdih-12-18-01	13th Amendment Ratified	SLAVERY ABOLISHED: 13th Amendment Officially Abolishes Slavery in the United States	On December 18, 1865, the 13th Amendment to the Constitution was ratified, officially abolishing slavery throughout the United States.	Civil War	Thirteenth Amendment to the United States Constitution
12-19	1843	tdih-12-19-01	A Christmas Carol Published	GOD BLESS US EVERY ONE: Charles Dickens Publishes A Christmas Carol	On December 19, 1843, Charles Dickens published A Christmas Carol, transforming Christmas celebrations and creating one of literature's most beloved stories.	Victorian Era	A Christmas Carol
12-20	1860	tdih-12-20-01	South Carolina Secedes	UNION BROKEN: South Carolina Becomes First State to Secede from the United States	On December 20, 1860, South Carolina became the first state to secede from the United States following Abraham Lincoln's election, beginning the path to Civil War.	Civil War	South Carolina in the American Civil War
12-21	1620	tdih-12-21-01	Pilgrims Land at Plymouth Rock	NEW WORLD SETTLEMENT: Pilgrims Step Ashore at Plymouth Rock	On December 21, 1620, Pilgrim colonists from the Mayflower stepped ashore at Plymouth Rock, establishing the second successful English colony in America.	17th Century	Plymouth Colony
12-22	1849	tdih-12-22-01	Dostoevsky Faces Mock Execution	LAST MINUTE REPRIEVE: Dostoevsky Faces Firing Squad Before Sentence Is Commuted	On December 22, 1849, Fyodor Dostoevsky faced a mock execution by firing squad before his sentence was commuted at the last moment, an experience that transformed his writing.	Victorian Era	Fyodor Dostoevsky
12-23	1888	tdih-12-23-01	Van Gogh Cuts Off His Ear	ARTIST IN CRISIS: Vincent van Gogh Severs His Own Ear in Arles, France	On December 23, 1888, painter Vincent van Gogh severed part of his own ear following a confrontation with Paul Gauguin in Arles, France.	Victorian Era	Vincent van Gogh
12-24	1914	tdih-12-24-01	Christmas Truce of World War I	PEACE ON EARTH: British and German Soldiers Declare Unofficial Truce on Christmas Eve	On December 24, 1914, British and German soldiers along the Western Front declared an unofficial Christmas truce, singing carols and exchanging gifts across no man's land.	World War I Era	Christmas truce
12-25	800	tdih-12-25-01	Charlemagne Crowned Emperor	EMPEROR OF THE WEST: Pope Leo III Crowns Charlemagne Emperor on Christmas Day	On December 25, 800 AD, Pope Leo III crowned Charlemagne Emperor of the Romans at St. Peter's Basilica, reviving the concept of a Western Roman Empire.	Medieval	Charlemagne
12-26	1776	tdih-12-26-01	Washington Crosses the Delaware	SURPRISE ATTACK: Washington Crosses the Delaware River on Christmas Night	On December 26, 1776, George Washington led 2,400 soldiers across the icy Delaware River and surprised Hessian forces at Trenton, turning the tide of the Revolution.	18th Century	George Washington's crossing of the Delaware River
12-27	1831	tdih-12-27-01	Darwin Departs on the Beagle	VOYAGE OF DISCOVERY: Charles Darwin Sets Sail on HMS Beagle	On December 27, 1831, Charles Darwin departed Plymouth on HMS Beagle, beginning a five-year voyage that would lead to his theory of evolution.	19th Century	Second voyage of HMS Beagle
12-28	1895	tdih-12-28-01	First Commercial Movie Screening	MOVING PICTURES: Lumiere Brothers Hold First Commercial Film Screening in Paris	On December 28, 1895, the Lumiere brothers held the first commercial film screening at the Grand Cafe in Paris, showing 10 short films to a paying audience.	Victorian Era	Lumière brothers
12-29	1890	tdih-12-29-01	Wounded Knee Massacre	MASSACRE AT WOUNDED KNEE: US Cavalry Kills 250 Lakota Men, Women, and Children	On December 29, 1890, US cavalry troops massacred approximately 250 Lakota people at Wounded Knee Creek, South Dakota, ending the Indian Wars.	Victorian Era	Wounded Knee Massacre
12-30	1922	tdih-12-30-01	Soviet Union Established	RED EMPIRE: Treaty Creates the Union of Soviet Socialist Republics	On December 30, 1922, the Treaty on the Creation of the USSR was signed, formally establishing the Soviet Union from the former Russian Empire.	Early 20th Century	Soviet Union
12-31	1999	tdih-12-31-01	Y2K Midnight	WILL COMPUTERS CRASH?: World Holds Its Breath as the Clock Strikes Midnight on Y2K	On December 31, 1999, the world nervously awaited midnight amid fears that the Y2K computer bug would cause widespread technological failures as the date rolled to 2000.	21st Century	Year 2000 problem
